"rank_data","s_name","s_district","n_rating","students_num","teacher_ratio","ZCTA5","MSA.code","MSA.name"
1,"Tesla STEM High School","Lake Washington School District","A+",557,"24:1","98053","42644","Seattle-Bellevue-Everett,WA"
2,"Interlake Senior High School","Bellevue School District","A+",1590,"19:1","98008","42644","Seattle-Bellevue-Everett,WA"
3,"International School","Bellevue School District","A+",568,"18:1","98005","42644","Seattle-Bellevue-Everett,WA"
4,"International Community School","Lake Washington School District","A+",439,"23:1","98033","42644","Seattle-Bellevue-Everett,WA"
5,"Garfield High School","Seattle Public Schools","A+",1620,"22:1","98122","42644","Seattle-Bellevue-Everett,WA"
6,"Bellevue High School","Bellevue School District","A+",1545,"21:1","98004","42644","Seattle-Bellevue-Everett,WA"
7,"Mercer Island High School","Mercer Island School District","A+",1416,"20:1","98040","42644","Seattle-Bellevue-Everett,WA"
8,"Newport Senior High School","Bellevue School District","A+",1730,"20:1","98006","42644","Seattle-Bellevue-Everett,WA"
9,"Roosevelt High School","Seattle Public Schools","A+",1721,"20:1","98115","42644","Seattle-Bellevue-Everett,WA"
10,"Raisbeck Aviation High School","Highline School District","A+",432,"22:1","98108","42644","Seattle-Bellevue-Everett,WA"
11,"Issaquah High School","Issaquah School District","A+",2107,"25:1","98027","42644","Seattle-Bellevue-Everett,WA"
13,"Redmond High School","Lake Washington School District","A+",1875,"22:1","98501","36500","Olympia-Tumwater,WA"
14,"Bainbridge High School","Bainbridge Island School District","A+",1261,"20:1","98110","14740","Bremerton-Silverdale,WA"
16,"Ballard High School","Seattle Public Schools","A",1669,"21:1","98117","42644","Seattle-Bellevue-Everett,WA"
17,"Ingraham High School","Seattle Public Schools","A",1214,"20:1","98133","42644","Seattle-Bellevue-Everett,WA"
18,"Nathan Hale High School","Seattle Public Schools","A",1165,"19:1","98125","42644","Seattle-Bellevue-Everett,WA"
19,"Woodinville High School","Northshore School District","A",1445,"24:1","98501","36500","Olympia-Tumwater,WA"
20,"Kamiak High School","Mukilteo School District","A",2100,"23:1","98275","42644","Seattle-Bellevue-Everett,WA"
21,"Inglemoor High School","Northshore School District","A",1595,"22:1","98501","36500","Olympia-Tumwater,WA"
22,"Vashon Island High School","Vashon Island School District","A",576,"21:1","98070","42644","Seattle-Bellevue-Everett,WA"
23,"Vancouver School of Arts & Academics","Vancouver School District","A",589,"21:1","98501","36500","Olympia-Tumwater,WA"
24,"Liberty Senior High School","Issaquah School District","A",1278,"23:1","98501","36500","Olympia-Tumwater,WA"
25,"Harrison Preparatory School","Clover Park School District","A",491,"18:1","98501","36500","Olympia-Tumwater,WA"
26,"Olympia High School","Olympia School District","A",1785,"23:1","98501","36500","Olympia-Tumwater,WA"
27,"Henry M. Jackson High School","Everett School District","A-",2139,"24:1","98012","42644","Seattle-Bellevue-Everett,WA"
28,"Shorewood High School","Shoreline School District","A-",1551,"22:1","98133","42644","Seattle-Bellevue-Everett,WA"
29,"Camas High School","Camas School District","A-",2005,"20:1","98607","38900","Portland-Vancouver-Hillsboro,OR-WA"
30,"Liberty Bell Junior/Senior High School","Methow Valley School District","A-",265,"16:1","98501","36500","Olympia-Tumwater,WA"
31,"Central Kitsap High School","Central Kitsap School District","A-",1514,"22:1","98383","14740","Bremerton-Silverdale,WA"
32,"Sammamish Senior High School","Bellevue School District","A-",948,"19:1","98501","36500","Olympia-Tumwater,WA"
33,"Hanford High School","Richland School District","A-",1721,"23:1","99352","28420","Kennewick-Richland,WA"
35,"Curtis Senior High School","University Place School District","A-",1446,"21:1","98501","36500","Olympia-Tumwater,WA"
36,"Kentlake High School","Kent School District","A-",1501,"23:1","98042","42644","Seattle-Bellevue-Everett,WA"
37,"Bothell High School","Northshore School District","A-",1605,"22:1","98011","42644","Seattle-Bellevue-Everett,WA"
38,"Glacier Peak High School","Snohomish School District","A-",1745,"25:1","98296","42644","Seattle-Bellevue-Everett,WA"
39,"Lake Washington High School","Lake Washington School District","A-",1459,"21:1","98501","36500","Olympia-Tumwater,WA"
40,"Auburn Mountainview High School","Auburn School District","A-",1531,"22:1","98092","42644","Seattle-Bellevue-Everett,WA"
41,"Eagle Harbor High School","Bainbridge Island School District","A-",145,"23:1","98110","14740","Bremerton-Silverdale,WA"
43,"Edmonds Woodway High School","Edmonds School District","A-",1680,"21:1","98026","42644","Seattle-Bellevue-Everett,WA"
44,"Lewis & Clark High School","Spokane School District","A-",1896,"20:1","99204","44060","Spokane-SpokaneValley,WA"
45,"Tahoma Senior High School","Tahoma School District","A-",1821,"24:1","98042","42644","Seattle-Bellevue-Everett,WA"
46,"Kentridge High School","Kent School District","A-",2230,"24:1","98031","42644","Seattle-Bellevue-Everett,WA"
47,"Shorecrest High School","Shoreline School District","A-",1294,"21:1","98155","42644","Seattle-Bellevue-Everett,WA"
48,"Science & Math Institute","Tacoma School District","A-",459,"17:1","98501","36500","Olympia-Tumwater,WA"
49,"Newport High School","Newport School District","A-",359,"21:1","99156","44060","Spokane-SpokaneValley,WA"
50,"Kent Mountain View Academy","Kent School District","A-",342,"20:1","98198","42644","Seattle-Bellevue-Everett,WA"
51,"Mountain View High School","Evergreen Public Schools","A-",1853,"21:1","98501","36500","Olympia-Tumwater,WA"
52,"The Center School","Seattle Public Schools","A-",275,"19:1","98109","42644","Seattle-Bellevue-Everett,WA"
53,"Peninsula High School","Peninsula School District","B+",1414,"23:1","98332","45104","Tacoma-Lakewood,WA"
54,"Mount Si High School","Snoqualmie Valley School District","B+",1771,"21:1","98065","42644","Seattle-Bellevue-Everett,WA"
55,"Ferris High School","Spokane School District","B+",1794,"19:1","99223","44060","Spokane-SpokaneValley,WA"
56,"Bellingham High School","Bellingham School District","B+",1070,"24:1","98225","13380","Bellingham,WA"
57,"West Seattle High School","Seattle Public Schools","B+",1014,"19:1","98116","42644","Seattle-Bellevue-Everett,WA"
58,"Kamiakin High School","Kennewick School District","B+",1778,"23:1","99336","28420","Kennewick-Richland,WA"
59,"Pullman High School","Pullman Public Schools","B+",732,"20:1","98501","36500","Olympia-Tumwater,WA"
60,"North Central High School","Spokane School District","B+",1280,"18:1","99205","44060","Spokane-SpokaneValley,WA"
61,"Nova High School","Seattle Public Schools","B+",341,"18:1","98122","42644","Seattle-Bellevue-Everett,WA"
62,"Timberline High School","North Thurston Public Schools","B+",1734,"22:1","98503","36500","Olympia-Tumwater,WA"
63,"Trout Lake High School","Trout Lake School District","B+",134,"16:1","98501","36500","Olympia-Tumwater,WA"
64,"Cascade Parent Partnership Program","Seattle Public Schools","B+",183,"25:1","98119","42644","Seattle-Bellevue-Everett,WA"
65,"Tacoma School of the Arts","Tacoma School District","B+",521,"18:1","98402","45104","Tacoma-Lakewood,WA"
66,"Meadowdale High School","Edmonds School District","B+",1589,"23:1","98037","42644","Seattle-Bellevue-Everett,WA"
67,"Steilacoom High School","Steilacoom Historical School District","B+",908,"22:1","98501","36500","Olympia-Tumwater,WA"
68,"Auburn Riverside High School","Auburn School District","B+",1638,"22:1","98092","42644","Seattle-Bellevue-Everett,WA"
69,"Ellensburg High School","Ellensburg School District","B+",968,"21:1","98926","21260","Ellensburg,WA"
70,"Snohomish High School","Snohomish School District","B+",1788,"24:1","98290","42644","Seattle-Bellevue-Everett,WA"
71,"Oak Harbor High School","Oak Harbor School District","B+",1590,"20:1","98277","36020","OakHarbor,WA"
72,"Bickleton School","Bickleton School District","B+",89,"7:1","98501","36500","Olympia-Tumwater,WA"
73,"Freeman High School","Freeman School District","B+",327,"19:1","99030","44060","Spokane-SpokaneValley,WA"
74,"Mt. Spokane High School","Mead School District","B+",1472,"20:1","98501","36500","Olympia-Tumwater,WA"
75,"Union High School","Evergreen Public Schools","B+",2123,"23:1","98501","36500","Olympia-Tumwater,WA"
76,"Kingston High School","North Kitsap School District","B+",817,"22:1","98346","14740","Bremerton-Silverdale,WA"
77,"Central Valley High School","Central Valley School District","B+",2000,"21:1","99037","44060","Spokane-SpokaneValley,WA"
78,"Walla Walla High School","Walla Walla Public Schools","B+",1873,"21:1","99362","47460","WallaWalla,WA"
79,"Juanita High School","Lake Washington School District","B+",1368,"19:1","98501","36500","Olympia-Tumwater,WA"
80,"Cle Elum Roslyn High School","Cle Elum-Roslyn School District","B+",274,"21:1","98922","21260","Ellensburg,WA"
81,"Squalicum High School","Bellingham School District","B+",1375,"23:1","98226","13380","Bellingham,WA"
81,"Squalicum High School","Bellingham School District","B+",1375,"23:1","98226","34580","MountVernon-Anacortes,WA"
82,"North Thurston High School","North Thurston Public Schools","B+",1477,"20:1","98506","36500","Olympia-Tumwater,WA"
83,"Arlington High School","Arlington School District","B+",1651,"22:1","98223","42644","Seattle-Bellevue-Everett,WA"
84,"Kentwood High School","Kent School District","B+",2002,"24:1","98042","42644","Seattle-Bellevue-Everett,WA"
85,"Sky Valley Education Center","Monroe School District","B+",882,"39:1","98272","42644","Seattle-Bellevue-Everett,WA"
86,"Touchet Elementary & High School","Touchet School District","B+",238,"12:1","98501","36500","Olympia-Tumwater,WA"
87,"Lake Stevens Senior High School","Lake Stevens School District","B+",1796,"23:1","98501","36500","Olympia-Tumwater,WA"
89,"North Kitsap High School","North Kitsap School District","B+",1148,"22:1","98370","14740","Bremerton-Silverdale,WA"
90,"Ilwaco Senior High School","Ocean Beach School District","B+",285,"20:1","98501","36500","Olympia-Tumwater,WA"
91,"Clallam Bay School","Cape Flattery School District","B+",119,"11:1","98501","36500","Olympia-Tumwater,WA"
92,"Secondary Academy for Success","Northshore School District","B+",128,"10:1","98021","42644","Seattle-Bellevue-Everett,WA"
93,"Sumner High School","Sumner School District","B+",1814,"25:1","98390","45104","Tacoma-Lakewood,WA"
95,"Anacortes High School","Anacortes School District","B+",809,"22:1","98221","34580","MountVernon-Anacortes,WA"
96,"West Valley High School","West Valley School District (Yakima)","B+",1040,"23:1","98908","49420","Yakima,WA"
97,"Klickitat School","Klickitat School District","B+",80,"8:1","98501","36500","Olympia-Tumwater,WA"
98,"Southridge High School","Kennewick School District","B+",1679,"24:1","99338","28420","Kennewick-Richland,WA"
99,"Columbia River High School","Vancouver School District","B+",1268,"22:1","98501","36500","Olympia-Tumwater,WA"
100,"Gig Harbor High School","Peninsula School District","B+",1741,"25:1","98501","36500","Olympia-Tumwater,WA"
102,"Bridgeport High School","Bridgeport School District","B+",209,"16:1","98813","48300","Wenatchee,WA"
103,"Mariner High School","Mukilteo School District","B+",2172,"21:1","98204","42644","Seattle-Bellevue-Everett,WA"
104,"Oakland High School","Tacoma School District","B",234,"18:1","98409","45104","Tacoma-Lakewood,WA"
105,"Northshore Home School Networks","Northshore School District","B",166,"23:1","98501","36500","Olympia-Tumwater,WA"
106,"CAM Academy","Battle Ground School District","B",585,"26:1","98604","38900","Portland-Vancouver-Hillsboro,OR-WA"
107,"Mead Senior High School","Mead School District","B",1577,"21:1","99218","44060","Spokane-SpokaneValley,WA"
108,"Cascade High School","Everett School District","B",1812,"23:1","98203","42644","Seattle-Bellevue-Everett,WA"
109,"Hazen Senior High School","Renton School District","B",1547,"24:1","98059","42644","Seattle-Bellevue-Everett,WA"
110,"Tumwater High School","Tumwater School District","B",1177,"21:1","98501","36500","Olympia-Tumwater,WA"
113,"Technology Engineering & Communications High School","Highline School District","B",290,"17:1","98501","36500","Olympia-Tumwater,WA"
114,"Cashmere High School","Cashmere School District","B",485,"20:1","98501","36500","Olympia-Tumwater,WA"
115,"Sehome High School","Bellingham School District","B",1142,"23:1","98225","13380","Bellingham,WA"
116,"South Whidbey High School","South Whidbey School District","B",516,"19:1","98260","36020","OakHarbor,WA"
117,"Windward High School","Ferndale School District","B",190,"25:1","98501","36500","Olympia-Tumwater,WA"
118,"Chief Sealth International High School","Seattle Public Schools","B",1221,"18:1","98126","42644","Seattle-Bellevue-Everett,WA"
119,"Asotin Junior/Senior High School","Asotin-Anatone School District","B",341,"29:1","98501","36500","Olympia-Tumwater,WA"
120,"Richland High School","Richland School District","B",2047,"25:1","99352","28420","Kennewick-Richland,WA"
121,"Stevenson High School","Stevenson-Carson School District","B",302,"21:1","98648","38900","Portland-Vancouver-Hillsboro,OR-WA"
122,"Woodland High School","Woodland School District","B",651,"21:1","98674","31020","Longview,WA"
122,"Woodland High School","Woodland School District","B",651,"21:1","98674","38900","Portland-Vancouver-Hillsboro,OR-WA"
123,"Kittitas High School","Kittitas School District","B",367,"19:1","98934","21260","Ellensburg,WA"
125,"Chelan High School","Lake Chelan School District","B",419,"18:1","98816","48300","Wenatchee,WA"
126,"Capital High School","Olympia School District","B",1402,"22:1","98502","36500","Olympia-Tumwater,WA"
126,"Capital High School","Olympia School District","B",1402,"22:1","98502","43220","Shelton,WA"
127,"Curlew School","Curlew School District","B",194,"11:1","98501","36500","Olympia-Tumwater,WA"
128,"Lynnwood High School","Edmonds School District","B",1445,"21:1","98012","42644","Seattle-Bellevue-Everett,WA"
129,"Stadium High School","Tacoma School District","B",1680,"23:1","98501","36500","Olympia-Tumwater,WA"
130,"Mountlake Terrace High School","Edmonds School District","B",1270,"21:1","98043","42644","Seattle-Bellevue-Everett,WA"
132,"Colton School","Colton School District","B",166,"11:1","99113","39420","Pullman,WA"
133,"Spokane Valley High School","West Valley School District (Spokane)","B",107,"13:1","99212","44060","Spokane-SpokaneValley,WA"
134,"Everett High School","Everett School District","B",1435,"21:1","98201","42644","Seattle-Bellevue-Everett,WA"
135,"Manson Junior/Senior High School","Manson School District","B",193,"14:1","98501","36500","Olympia-Tumwater,WA"
136,"Washington Virtual Academy High School - Omak","Omak School District","B",816,"29:1","98501","36500","Olympia-Tumwater,WA"
137,"La Conner High School","La Conner School District","B",227,"15:1","98257","34580","MountVernon-Anacortes,WA"
138,"J.M. Weatherwax High School","Aberdeen School District","B",909,"18:1","98501","36500","Olympia-Tumwater,WA"
139,"Entiat Junior/Senior High School","Entiat School District","B",193,"14:1","98501","36500","Olympia-Tumwater,WA"
140,"Franklin Pierce High School","Franklin Pierce School District","B",1192,"20:1","98445","45104","Tacoma-Lakewood,WA"
141,"Franklin High School","Seattle Public Schools","B",1315,"20:1","98144","42644","Seattle-Bellevue-Everett,WA"
142,"Lindbergh Senior High School","Renton School District","B",1243,"22:1","98058","42644","Seattle-Bellevue-Everett,WA"
144,"Winlock Senior High School","Winlock School District","B",182,"16:1","98501","36500","Olympia-Tumwater,WA"
147,"Thomas Jefferson High School","Federal Way Public Schools","B",1830,"22:1","98501","36500","Olympia-Tumwater,WA"
148,"Cedarcrest High School","Riverview School District","B",970,"22:1","98019","42644","Seattle-Bellevue-Everett,WA"
149,"Marysville-Pilchuck Pathways of Choice High School","Marysville School District","B",1253,"22:1","98501","36500","Olympia-Tumwater,WA"
150,"West Valley High School","West Valley School District (Spokane)","B",904,"19:1","99212","44060","Spokane-SpokaneValley,WA"
152,"Wenatchee High School","Wenatchee School District","B",2195,"22:1","98801","48300","Wenatchee,WA"
153,"Ridgefield High School","Ridgefield School District","B",681,"25:1","98642","38900","Portland-Vancouver-Hillsboro,OR-WA"
154,"Klahowya Secondary School","Central Kitsap School District","B",930,"21:1","98501","36500","Olympia-Tumwater,WA"
155,"A.G. West Black Hills High School","Tumwater School District","B",867,"21:1","98501","36500","Olympia-Tumwater,WA"
156,"Wilson High School","Tacoma School District","B",1268,"22:1","98501","36500","Olympia-Tumwater,WA"
157,"Meridian High School","Meridian School District","B",500,"19:1","98226","13380","Bellingham,WA"
157,"Meridian High School","Meridian School District","B",500,"19:1","98226","34580","MountVernon-Anacortes,WA"
158,"Mark Morris High School","Longview School District","B",918,"20:1","98632","31020","Longview,WA"
159,"Decatur High School","Federal Way Public Schools","B",1318,"21:1","98501","36500","Olympia-Tumwater,WA"
160,"Coupeville High School","Coupeville School District","B",297,"18:1","98239","36020","OakHarbor,WA"
161,"Zillah High School","Zillah School District","B",441,"20:1","98953","49420","Yakima,WA"
162,"Graham Kapowsin High School","Bethel School District","B",1855,"23:1","98338","45104","Tacoma-Lakewood,WA"
163,"Kennewick High School","Kennewick School District","B",1526,"21:1","99336","28420","Kennewick-Richland,WA"
164,"Hockinson High School","Hockinson School District","B",700,"21:1","98606","38900","Portland-Vancouver-Hillsboro,OR-WA"
165,"Darrington High School","Darrington School District","B",144,"13:1","98501","36500","Olympia-Tumwater,WA"
166,"Skyview High School","Vancouver School District","B",2035,"23:1","98685","38900","Portland-Vancouver-Hillsboro,OR-WA"
167,"Colfax High School","Colfax School District","B-",299,"18:1","99111","39420","Pullman,WA"
168,"Fife High School","Fife School District","B-",778,"22:1","98424","45104","Tacoma-Lakewood,WA"
169,"Avanti High School","Olympia School District","B-",155,"20:1","98501","36500","Olympia-Tumwater,WA"
170,"Edmonds Heights K-12","Edmonds School District","B-",506,"52:1","98020","42644","Seattle-Bellevue-Everett,WA"
172,"International School of Communications","Marysville School District","B-",398,"24:1","98501","36500","Olympia-Tumwater,WA"
173,"Gov. John Rogers High School","Puyallup School District","B-",1759,"22:1","98501","36500","Olympia-Tumwater,WA"
174,"R.A. Long High School","Longview School District","B-",922,"23:1","98501","36500","Olympia-Tumwater,WA"
175,"Washington High School","Franklin Pierce School District","B-",967,"18:1","98444","45104","Tacoma-Lakewood,WA"
176,"Lakes High School","Clover Park School District","B-",1397,"19:1","98498","45104","Tacoma-Lakewood,WA"
177,"River HomeLink School","Battle Ground School District","B-",971,"25:1","98501","36500","Olympia-Tumwater,WA"
178,"Washington Virtual Academy","Monroe School District","B-",335,"25:1","98501","36500","Olympia-Tumwater,WA"
179,"Home Program","Renton School District","B-",111,"51:1","98055","42644","Seattle-Bellevue-Everett,WA"
180,"Homelink Alternative School","Lake Stevens School District","B-",151,"25:1","98501","36500","Olympia-Tumwater,WA"
181,"Emerald Ridge High School","Puyallup School District","B-",1585,"24:1","98374","45104","Tacoma-Lakewood,WA"
182,"Liberty High School","Liberty School District","B-",121,"12:1","99031","44060","Spokane-SpokaneValley,WA"
183,"Blaine High School","Blaine School District","B-",685,"20:1","98230","13380","Bellingham,WA"
184,"Mount Rainier High School","Highline School District","B-",1615,"22:1","98198","42644","Seattle-Bellevue-Everett,WA"
185,"Monroe High School","Monroe School District","B-",1663,"22:1","98272","42644","Seattle-Bellevue-Everett,WA"
186,"Enumclaw Senior High School","Enumclaw School District","B-",1396,"21:1","98501","36500","Olympia-Tumwater,WA"
187,"Eastmont Senior High School","Eastmont School District","B-",1402,"21:1","98501","36500","Olympia-Tumwater,WA"
188,"Oakesdale High School","Oakesdale School District","B-",37,"6:1","99158","39420","Pullman,WA"
189,"Mount Vernon High School","Mount Vernon School District","B-",1962,"20:1","98273","34580","MountVernon-Anacortes,WA"
190,"Technology Access Foundation Academy","Federal Way Public Schools","B-",293,"17:1","98501","36500","Olympia-Tumwater,WA"
191,"Cleveland High School STEM","Seattle Public Schools","B-",830,"18:1","98108","42644","Seattle-Bellevue-Everett,WA"
192,"Gates Secondary School","Franklin Pierce School District","B-",185,"11:1","98444","45104","Tacoma-Lakewood,WA"
193,"Lakeside High School","Nine Mile Falls School District","B-",555,"20:1","99026","44060","Spokane-SpokaneValley,WA"
194,"Health Sciences & Human Services High School","Highline School District","B-",370,"20:1","98501","36500","Olympia-Tumwater,WA"
195,"Toledo High School","Toledo School District","B-",257,"19:1","98591","16500","Centralia,WA"
196,"Auburn Senior High School","Auburn School District","B-",1554,"19:1","98002","42644","Seattle-Bellevue-Everett,WA"
197,"Sequim Senior High School","Sequim School District","B-",1025,"20:1","98501","36500","Olympia-Tumwater,WA"
199,"Napavine Junior/Senior High School","Napavine School District","B-",352,"17:1","98501","36500","Olympia-Tumwater,WA"
200,"Selah High School","Selah School District","B-",1029,"23:1","98942","49420","Yakima,WA"
201,"Rosalia School","Rosalia School District","B-",203,"10:1","98501","36500","Olympia-Tumwater,WA"
202,"Cheney High School","Cheney School District","B-",1246,"20:1","99004","44060","Spokane-SpokaneValley,WA"
203,"Lake Roosevelt Jr./Sr. High School","Grand Coulee Dam School District","B-",338,"15:1","98501","36500","Olympia-Tumwater,WA"
204,"Nooksack Valley High School","Nooksack Valley School District","B-",494,"20:1","98247","13380","Bellingham,WA"
205,"W.F. West High School","Chehalis School District","B-",972,"21:1","98501","36500","Olympia-Tumwater,WA"
206,"Prairie High School","Battle Ground School District","B-",1553,"22:1","98604","38900","Portland-Vancouver-Hillsboro,OR-WA"
207,"Federal Way High School","Federal Way Public Schools","B-",1634,"21:1","98501","36500","Olympia-Tumwater,WA"
208,"Mount Baker Senior High School","Mount Baker School District","B-",562,"18:1","98501","36500","Olympia-Tumwater,WA"
209,"Olympic High School","Central Kitsap School District","B-",1168,"21:1","98311","14740","Bremerton-Silverdale,WA"
210,"Internet Academy","Federal Way Public Schools","B-",275,"19:1","98501","36500","Olympia-Tumwater,WA"
211,"Lynden High School","Lynden School District","B-",847,"21:1","98264","13380","Bellingham,WA"
212,"Toutle Lake High School","Toutle Lake School District","B-",302,"18:1","98649","31020","Longview,WA"
213,"Ocosta Junior/Senior High School","Ocosta School District","B-",298,"15:1","98501","36500","Olympia-Tumwater,WA"
214,"Wishkah Valley School","Wishkah Valley School District","B-",148,"10:1","98501","36500","Olympia-Tumwater,WA"
216,"Pomeroy Junior/Senior High School","Pomeroy School District","B-",161,"13:1","98501","36500","Olympia-Tumwater,WA"
217,"Puyallup High School","Puyallup School District","B-",1664,"22:1","98371","45104","Tacoma-Lakewood,WA"
218,"Hela High School","Evergreen Public Schools","B-",439,"19:1","98501","36500","Olympia-Tumwater,WA"
219,"Lincoln High School","Tacoma School District","B-",1407,"19:1","98501","36500","Olympia-Tumwater,WA"
220,"Cascade High School","Cascade School District","B-",450,"18:1","98826","48300","Wenatchee,WA"
221,"Academy of Citizenship & Empowerment","Highline School District","B-",433,"23:1","98501","36500","Olympia-Tumwater,WA"
223,"Reardan Middle-Senior High School","Reardan-Edwall School District","B-",301,"18:1","99029","44060","Spokane-SpokaneValley,WA"
225,"River View High School","Finley School District","B-",311,"19:1","99337","28420","Kennewick-Richland,WA"
226,"Medical Lake High School","Medical Lake School District","B-",530,"20:1","99022","44060","Spokane-SpokaneValley,WA"
227,"North Mason Senior High School","North Mason School District","B-",745,"21:1","98528","43220","Shelton,WA"
228,"La Center High School","La Center School District","B-",555,"23:1","98629","38900","Portland-Vancouver-Hillsboro,OR-WA"
229,"Explorer Academy","South Kitsap School District","B-",202,"25:1","98366","14740","Bremerton-Silverdale,WA"
230,"Pe Ell School","Pe Ell School District","B-",259,"12:1","98572","16500","Centralia,WA"
231,"Port Angeles High School","Port Angeles School District","B-",1150,"18:1","98362","38820","PortAngeles,WA"
233,"Mossyrock Middle/High School","Mossyrock School District","B-",246,"16:1","98501","36500","Olympia-Tumwater,WA"
234,"Charles Francis Adams High School","Clarkston School District","B-",775,"19:1","99403","30300","Lewiston,ID-WA"
235,"Prosser High School","Prosser School District","B-",898,"21:1","99350","28420","Kennewick-Richland,WA"
236,"Rogers High School","Spokane School District","B-",1582,"17:1","99207","44060","Spokane-SpokaneValley,WA"
239,"Ephrata High School","Ephrata School District","B-",705,"22:1","98823","34180","MosesLake,WA"
240,"Todd Beamer High School","Federal Way Public Schools","C+",1779,"22:1","98501","36500","Olympia-Tumwater,WA"
242,"West Auburn Senior High School","Auburn School District","C+",261,"15:1","98001","42644","Seattle-Bellevue-Everett,WA"
243,"Yelm High School","Yelm School District","C+",1284,"22:1","98501","36500","Olympia-Tumwater,WA"
244,"On Track Academy","Spokane School District","C+",277,"13:1","99207","44060","Spokane-SpokaneValley,WA"
245,"River Ridge High School","North Thurston Public Schools","C+",1061,"18:1","98513","36500","Olympia-Tumwater,WA"
246,"Rainier Senior High School","Rainier School District","C+",272,"16:1","98576","36500","Olympia-Tumwater,WA"
248,"White River High School","White River School District","C+",1212,"21:1","98321","45104","Tacoma-Lakewood,WA"
249,"Forks High School","Quillayute Valley School District","C+",464,"20:1","98501","36500","Olympia-Tumwater,WA"
251,"Raymond Junior/Senior High School","Raymond School District","C+",264,"12:1","98501","36500","Olympia-Tumwater,WA"
252,"Shadle Park High School","Spokane School District","C+",1440,"19:1","99205","44060","Spokane-SpokaneValley,WA"
254,"Arts & Academics Academy","Highline School District","C+",294,"18:1","98146","42644","Seattle-Bellevue-Everett,WA"
255,"Morton Junior/Senior High School","Morton School District","C+",139,"15:1","98501","36500","Olympia-Tumwater,WA"
256,"Marysville Mountain View High School","Marysville School District","C+",228,"18:1","98271","42644","Seattle-Bellevue-Everett,WA"
257,"University High School","Central Valley School District","C+",1823,"21:1","99216","44060","Spokane-SpokaneValley,WA"
258,"Deer Park Home Link Program","Deer Park School District","C+",468,"52:1","99006","44060","Spokane-SpokaneValley,WA"
259,"Rivers Edge High School","Richland School District","C+",207,"15:1","99352","28420","Kennewick-Richland,WA"
260,"Bio Med Academy","Marysville School District","C+",404,"24:1","98270","42644","Seattle-Bellevue-Everett,WA"
261,"Renton Senior High School","Renton School District","C+",1342,"22:1","98055","42644","Seattle-Bellevue-Everett,WA"
262,"Spanaway Lake High School","Bethel School District","C+",1665,"22:1","98387","45104","Tacoma-Lakewood,WA"
264,"Sedro Woolley Senior High School","Sedro-Woolley School District","C+",1188,"20:1","98284","13380","Bellingham,WA"
264,"Sedro Woolley Senior High School","Sedro-Woolley School District","C+",1188,"20:1","98284","34580","MountVernon-Anacortes,WA"
265,"Stanwood High School","Stanwood-Camano School District","C+",1421,"22:1","98292","34580","MountVernon-Anacortes,WA"
265,"Stanwood High School","Stanwood-Camano School District","C+",1421,"22:1","98292","36020","OakHarbor,WA"
265,"Stanwood High School","Stanwood-Camano School District","C+",1421,"22:1","98292","42644","Seattle-Bellevue-Everett,WA"
266,"Big Picture School","Highline School District","C+",190,"12:1","98148","42644","Seattle-Bellevue-Everett,WA"
267,"Willapa Valley Junior/Senior High School","Willapa Valley School District","C+",165,"12:1","98501","36500","Olympia-Tumwater,WA"
268,"Montesano Junior/Senior High School","Montesano School District","C+",605,"19:1","98501","36500","Olympia-Tumwater,WA"
269,"East Valley High School","East Valley School District (Yakima)","C+",852,"18:1","98901","21260","Ellensburg,WA"
269,"East Valley High School","East Valley School District (Yakima)","C+",852,"18:1","98901","49420","Yakima,WA"
270,"East Valley High School & Extension","East Valley School District (Spokane)","C+",1042,"17:1","98501","36500","Olympia-Tumwater,WA"
271,"Jenkins Junior/Senior High School","Chewelah School District","C+",444,"17:1","98501","36500","Olympia-Tumwater,WA"
272,"Bremerton High School","Bremerton School District","C+",1238,"19:1","98337","14740","Bremerton-Silverdale,WA"
273,"Centralia High School","Centralia School District","C+",1088,"20:1","98531","16500","Centralia,WA"
273,"Centralia High School","Centralia School District","C+",1088,"20:1","98531","36500","Olympia-Tumwater,WA"
274,"White Pass Junior/Senior High School","White Pass School District","C+",226,"17:1","98501","36500","Olympia-Tumwater,WA"
275,"Evergreen High School","Evergreen Public Schools","C+",1808,"21:1","98501","36500","Olympia-Tumwater,WA"
277,"Ferndale High School","Ferndale School District","C+",1502,"23:1","98248","13380","Bellingham,WA"
278,"Riverpoint Academy","Mead School District","C+",126,"17:1","99218","44060","Spokane-SpokaneValley,WA"
279,"Mt. Tahoma High School","Tacoma School District","C+",1530,"22:1","98501","36500","Olympia-Tumwater,WA"
280,"Foster Senior High School","Tukwila School District","C+",924,"21:1","98168","42644","Seattle-Bellevue-Everett,WA"
281,"Rochester High School","Rochester School District","C+",649,"20:1","98579","16500","Centralia,WA"
281,"Rochester High School","Rochester School District","C+",649,"20:1","98579","36500","Olympia-Tumwater,WA"
282,"Highland High School","Highland School District","C+",381,"16:1","98923","49420","Yakima,WA"
283,"Rainier Beach High School","Seattle Public Schools","C+",598,"17:1","98118","42644","Seattle-Bellevue-Everett,WA"
284,"South Kitsap High School","South Kitsap School District","C+",2000,"22:1","98366","14740","Bremerton-Silverdale,WA"
285,"Chiawana High School","Pasco School District","C+",2393,"20:1","99301","28420","Kennewick-Richland,WA"
286,"Kelso High School","Kelso School District","C+",1519,"21:1","98626","31020","Longview,WA"
287,"Fort Vancouver High School","Vancouver School District","C+",1499,"20:1","98661","38900","Portland-Vancouver-Hillsboro,OR-WA"
288,"Highline High School","Highline School District","C+",1311,"20:1","98148","42644","Seattle-Bellevue-Everett,WA"
289,"White Swan High School","Mount Adams School District","C+",252,"8:1","98952","49420","Yakima,WA"
290,"Moses Lake High School","Moses Lake School District","C+",2383,"24:1","98837","34180","MosesLake,WA"
292,"Waterville High School","Waterville School District","C+",177,"14:1","98858","48300","Wenatchee,WA"
293,"Olympia Regional Learning Academy","Olympia School District","C+",303,"44:1","98501","36500","Olympia-Tumwater,WA"
294,"Wapato High School","Wapato School District","C+",796,"18:1","98951","49420","Yakima,WA"
295,"Global Connections High School","Highline School District","C+",511,"17:1","98188","42644","Seattle-Bellevue-Everett,WA"
296,"Columbia High School","Columbia School District (Walla Walla)","C+",287,"19:1","98501","36500","Olympia-Tumwater,WA"
297,"Burlington Edison High School","Burlington-Edison School District","C+",1127,"20:1","98233","34580","MountVernon-Anacortes,WA"
298,"St. John & Endicott High School","St. John School District","C+",76,"13:1","98501","36500","Olympia-Tumwater,WA"
299,"Columbia School","Columbia School District (Stevens)","C+",149,"8:1","98501","36500","Olympia-Tumwater,WA"
301,"Eisenhower High School","Yakima School District","C+",2033,"21:1","98908","49420","Yakima,WA"
302,"Eatonville High School","Eatonville School District","C+",652,"20:1","98328","45104","Tacoma-Lakewood,WA"
304,"Deer Park High School","Deer Park School District","C+",622,"17:1","99006","44060","Spokane-SpokaneValley,WA"
305,"Washougal High School","Washougal School District","C+",941,"20:1","98671","38900","Portland-Vancouver-Hillsboro,OR-WA"
307,"Kalama Junior/Senior High School","Kalama School District","C+",503,"20:1","98501","36500","Olympia-Tumwater,WA"
308,"Royal High School","Royal School District","C",451,"19:1","99357","34180","MosesLake,WA"
309,"North Beach Senior High School","North Beach School District","C",219,"21:1","98569","10140","Aberdeen,WA"
310,"Waitsburg High School","Waitsburg School District","C",105,"12:1","99361","47460","WallaWalla,WA"
311,"Tenino High School","Tenino School District","C",358,"21:1","98589","36500","Olympia-Tumwater,WA"
312,"Foss High School","Tacoma School District","C",887,"21:1","98501","36500","Olympia-Tumwater,WA"
313,"Kiona-Benton City High School","Kiona-Benton City School District","C",481,"20:1","99320","28420","Kennewick-Richland,WA"
314,"Heritage High School","Evergreen Public Schools","C",1928,"21:1","98501","36500","Olympia-Tumwater,WA"
315,"Battle Ground High School","Battle Ground School District","C",2179,"21:1","98604","38900","Portland-Vancouver-Hillsboro,OR-WA"
316,"Hudson's Bay High School","Vancouver School District","C",1377,"22:1","98663","38900","Portland-Vancouver-Hillsboro,OR-WA"
317,"Naselle-Grays River Valley Junior/Senior High School","Naselle-Grays River Valley School District","C",153,"30:1","98501","36500","Olympia-Tumwater,WA"
318,"Lake Quinault High School","Lake Quinault School District","C",94,"10:1","98526","10140","Aberdeen,WA"
319,"Granite Falls High School","Granite Falls School District","C",609,"21:1","98252","42644","Seattle-Bellevue-Everett,WA"
321,"Hoquiam High School","Hoquiam School District","C",490,"21:1","98550","10140","Aberdeen,WA"
322,"Clover Park High School","Clover Park School District","C",1222,"19:1","98499","45104","Tacoma-Lakewood,WA"
323,"Oroville Middle/High School","Oroville School District","C",253,"14:1","98501","36500","Olympia-Tumwater,WA"
324,"School for the Entrepreneur","Marysville School District","C",395,"23:1","98270","42644","Seattle-Bellevue-Everett,WA"
325,"Almira Coulee Hartline High School","Coulee-Hartline School District","C",80,"10:1","99115","34180","MosesLake,WA"
325,"Almira Coulee Hartline High School","Coulee-Hartline School District","C",80,"10:1","99115","48300","Wenatchee,WA"
326,"Connell High School","North Franklin School District","C",589,"20:1","99326","28420","Kennewick-Richland,WA"
327,"Hayes Freedom High School","Camas School District","C",136,"18:1","98607","38900","Portland-Vancouver-Hillsboro,OR-WA"
328,"Onalaska High School","Onalaska School District","C",241,"18:1","98570","16500","Centralia,WA"
329,"Quilcene School","Quilcene School District","C",202,"12:1","98501","36500","Olympia-Tumwater,WA"
330,"Academy of Construction & Engineering","Marysville School District","C",325,"20:1","98501","36500","Olympia-Tumwater,WA"
331,"Warden High School","Warden School District","C",322,"24:1","98857","34180","MosesLake,WA"
332,"Yakima Online School","Yakima School District","C",123,"61:1","98501","36500","Olympia-Tumwater,WA"
333,"Prescott Junior/Senior High School","Prescott School District","C",145,"15:1","98501","36500","Olympia-Tumwater,WA"
334,"Othello High School","Othello School District","C",1048,"19:1","99344","28420","Kennewick-Richland,WA"
334,"Othello High School","Othello School District","C",1048,"19:1","99344","34180","MosesLake,WA"
336,"Orting High School","Orting School District","C",740,"22:1","98360","45104","Tacoma-Lakewood,WA"
337,"Shelton High School","Shelton School District","C",1064,"20:1","98584","43220","Shelton,WA"
338,"Elma High School","Elma School District","C",547,"20:1","98541","10140","Aberdeen,WA"
338,"Elma High School","Elma School District","C",547,"20:1","98541","43220","Shelton,WA"
339,"Davis High School","Yakima School District","C",2099,"21:1","98902","49420","Yakima,WA"
340,"Sunnyside High School","Sunnyside School District","C",1858,"22:1","98944","28420","Kennewick-Richland,WA"
340,"Sunnyside High School","Sunnyside School District","C",1858,"22:1","98944","49420","Yakima,WA"
341,"Insight School of Washington","Quillayute Valley School District","C",1910,"40:1","98331","38820","PortAngeles,WA"
342,"Oakville High School","Oakville School District","C",106,"14:1","98568","10140","Aberdeen,WA"
342,"Oakville High School","Oakville School District","C",106,"14:1","98568","16500","Centralia,WA"
343,"Wahluke High School","Wahluke School District","C",557,"17:1","99349","34180","MosesLake,WA"
344,"Riverside High School","Riverside School District","C",464,"18:1","99003","44060","Spokane-SpokaneValley,WA"
345,"Naches Valley High School","Naches Valley School District","C",475,"20:1","98937","49420","Yakima,WA"
346,"Challenger High School","Bethel School District","C",317,"22:1","98387","45104","Tacoma-Lakewood,WA"
347,"Bethel High School","Bethel School District","C",1629,"23:1","98387","45104","Tacoma-Lakewood,WA"
348,"Tekoa High School","Tekoa School District","C",89,"10:1","99033","39420","Pullman,WA"
350,"Soap Lake Middle/High School","Soap Lake School District","C",219,"16:1","98501","36500","Olympia-Tumwater,WA"
351,"Pasco Senior High School","Pasco School District","C",1989,"19:1","99301","28420","Kennewick-Richland,WA"
352,"Concrete High School","Concrete School District","C",246,"17:1","98237","34580","MountVernon-Anacortes,WA"
353,"Three Rivers HomeLink","Richland School District","C",475,"48:1","98501","36500","Olympia-Tumwater,WA"
354,"Sequoia High School","Everett School District","C",246,"12:1","98201","42644","Seattle-Bellevue-Everett,WA"
355,"Neah Bay Junior/Senior High School","Cape Flattery School District","C-",173,"11:1","98501","36500","Olympia-Tumwater,WA"
356,"Quincy High School","Quincy School District","C-",833,"20:1","98848","34180","MosesLake,WA"
356,"Quincy High School","Quincy School District","C-",833,"20:1","98848","48300","Wenatchee,WA"
357,"Marysville Arts & Technology High School","Marysville School District","C-",322,"20:1","98501","36500","Olympia-Tumwater,WA"
358,"Castle Rock High School","Castle Rock School District","C-",387,"19:1","98611","31020","Longview,WA"
359,"Choice Alternative School","Shelton School District","C-",207,"18:1","98584","43220","Shelton,WA"
360,"Toppenish High School","Toppenish School District","C-",891,"21:1","98948","49420","Yakima,WA"
361,"Brewster High School","Brewster School District","C-",247,"15:1","98812","48300","Wenatchee,WA"
362,"Sultan Senior High School","Sultan School District","C-",550,"21:1","98294","42644","Seattle-Bellevue-Everett,WA"
363,"ACES High School","Mukilteo School District","C-",199,"17:1","98204","42644","Seattle-Bellevue-Everett,WA"
364,"Mary M. Knight High School","Mary M. Knight School District","C-",98,"10:1","98501","36500","Olympia-Tumwater,WA"
365,"Cusick Junior/Senior High School","Cusick School District","C-",150,"12:1","98501","36500","Olympia-Tumwater,WA"
366,"Lewis & Clark High School","Vancouver School District","C-",107,"17:1","98501","36500","Olympia-Tumwater,WA"
367,"Mabton Junior/Senior High School","Mabton School District","C-",407,"17:1","98501","36500","Olympia-Tumwater,WA"
368,"Crossroads High School","Granite Falls School District","C-",168,"17:1","98252","42644","Seattle-Bellevue-Everett,WA"
369,"Yelm Extension School","Yelm School District","C-",125,"22:1","98597","36500","Olympia-Tumwater,WA"
370,"Grandview High School","Grandview School District","D+",836,"23:1","98930","28420","Kennewick-Richland,WA"
370,"Grandview High School","Grandview School District","D+",836,"23:1","98930","49420","Yakima,WA"
371,"Granger High School","Granger School District","D+",431,"19:1","98932","49420","Yakima,WA"
372,"Compass High School","Grandview School District","D+",100,"16:1","98930","28420","Kennewick-Richland,WA"
372,"Compass High School","Grandview School District","D+",100,"16:1","98930","49420","Yakima,WA"
373,"Stanton Academy","Yakima School District","D+",383,"20:1","98902","49420","Yakima,WA"
374,"State Street High School","Sedro-Woolley School District","D+",271,"31:1","98284","13380","Bellingham,WA"
374,"State Street High School","Sedro-Woolley School District","D+",271,"31:1","98284","34580","MountVernon-Anacortes,WA"
375,"Summit View High School","Battle Ground School District","D+",409,"31:1","98604","38900","Portland-Vancouver-Hillsboro,OR-WA"
376,"New Horizons High School","Pasco School District","D+",267,"20:1","99301","28420","Kennewick-Richland,WA"
377,"Cedarcrest Junior High School","Bethel School District","NG",627,"19:1","98501","36500","Olympia-Tumwater,WA"
378,"Bryant Center","Spokane School District","NG",619,"40:1","99201","44060","Spokane-SpokaneValley,WA"
379,"Iq Academy Washington","Evergreen Public Schools","NG",610,"35:1","98501","36500","Olympia-Tumwater,WA"
380,"Centralia Middle School","Centralia School District","NG",540,"19:1","98531","16500","Centralia,WA"
380,"Centralia Middle School","Centralia School District","NG",540,"19:1","98531","36500","Olympia-Tumwater,WA"
381,"Oasis K-12","Orcas Island School District","NG",472,"28:1","98501","36500","Olympia-Tumwater,WA"
384,"Northwest Allprep","Toppenish School District","NG",454,"70:1","98501","36500","Olympia-Tumwater,WA"
385,"Washington Academy of Arts & Technology","East Valley School District (Spokane)","NG",394,"45:1","98501","36500","Olympia-Tumwater,WA"
386,"Mead Education Partnership Program","Mead School District","NG",392,"35:1","98501","36500","Olympia-Tumwater,WA"
387,"West Valley High School Freshman Campus","West Valley School District (Yakima)","NG",388,"21:1","98908","49420","Yakima,WA"
388,"Spokane Area Professional-Technical Skills Center","Spokane School District","NG",383,"22:1","99207","44060","Spokane-SpokaneValley,WA"
389,"Meridian Parent Partnership Program","Meridian School District","NG",348,"30:1","98247","13380","Bellingham,WA"
390,"Bellevue Big Picture School","Bellevue School District","NG",343,"14:1","98007","42644","Seattle-Bellevue-Everett,WA"
391,"GRAVITY High School","Tumwater","NG",326,"—","98501","36500","Olympia-Tumwater,WA"
392,"Skagit Family Learning Center","Mount Vernon School District","NG",321,"86:1","98501","36500","Olympia-Tumwater,WA"
393,"Contract Based Education (CBE) Alternative Programs","West Valley School District (Spokane)","NG",318,"26:1","98501","36500","Olympia-Tumwater,WA"
394,"Libby Center","Spokane School District","NG",314,"17:1","99202","44060","Spokane-SpokaneValley,WA"
395,"Secondary Learning Center","Renton School District","NG",311,"18:1","98178","42644","Seattle-Bellevue-Everett,WA"
396,"Edmonds Career Access Program","Edmonds School District","NG",305,"—","98036","42644","Seattle-Bellevue-Everett,WA"
397,"Shoreline-Monroe High School","Monroe School District","NG",298,"—","98272","42644","Seattle-Bellevue-Everett,WA"
398,"Scriber Lake High School","Edmonds School District","NG",287,"22:1","98020","42644","Seattle-Bellevue-Everett,WA"
399,"Home Connection Parent Partnership Program","Oak Harbor School District","NG",283,"66:1","98501","36500","Olympia-Tumwater,WA"
400,"Kennewick Mid-Columbia Parent Partnership","Kennewick School District","NG",282,"39:1","98501","36500","Olympia-Tumwater,WA"
401,"Bates Technical High School","Tacoma","NG",268,"32:1","98501","36500","Olympia-Tumwater,WA"
402,"Seattle World School","Seattle Public Schools","NG",250,"13:1","98122","42644","Seattle-Bellevue-Everett,WA"
403,"Westside High School","Wenatchee School District","NG",244,"19:1","98801","48300","Wenatchee,WA"
404,"Legacy High School","Evergreen Public Schools","NG",235,"29:1","98501","36500","Olympia-Tumwater,WA"
405,"Youth Re-Engagement Program","Monroe School District","NG",233,"—","98501","36500","Olympia-Tumwater,WA"
406,"College Place High School","College Place School District","NG",231,"26:1","99362","47460","WallaWalla,WA"
407,"Discovery Alternative High School","South Kitsap School District","NG",217,"22:1","98501","36500","Olympia-Tumwater,WA"
408,"Columbia Virtual Academy - Sultan","Sultan School District","NG",203,"—","98294","42644","Seattle-Bellevue-Everett,WA"
409,"Discovery High School","Longview School District","NG",199,"43:1","98632","31020","Longview,WA"
410,"Willie Steward Academy - A Reengagement Center","Tacoma School District","NG",196,"—","98501","36500","Olympia-Tumwater,WA"
411,"South Sound High School","North Thurston Public Schools","NG",196,"22:1","98516","36500","Olympia-Tumwater,WA"
412,"Middle College High School","Seattle Public Schools","NG",196,"19:1","98125","42644","Seattle-Bellevue-Everett,WA"
413,"Renaissance Alternative High School","Bremerton School District","NG",195,"19:1","98312","14740","Bremerton-Silverdale,WA"
413,"Renaissance Alternative High School","Bremerton School District","NG",195,"19:1","98312","43220","Shelton,WA"
414,"Valley Academy of Learning","Wenatchee School District","NG",195,"48:1","98501","36500","Olympia-Tumwater,WA"
415,"Lynden Academy","Lynden School District","NG",195,"47:1","98264","13380","Bellingham,WA"
416,"Tacoma CC - Fres Start","Tacoma School District","NG",195,"—","98501","36500","Olympia-Tumwater,WA"
418,"Lake Washington Technical Academy","Lake Washington Institute of Technology","NG",188,"—","98034","42644","Seattle-Bellevue-Everett,WA"
419,"Spokane Valley Transition School","West Valley School District (Spokane)","NG",186,"43:1","99212","44060","Spokane-SpokaneValley,WA"
420,"Career Link High School Completion Program","Highline School District","NG",181,"—","98501","36500","Olympia-Tumwater,WA"
421,"Lincoln High School","Walla Walla Public Schools","NG",177,"14:1","99362","47460","WallaWalla,WA"
423,"Kennewick Alternative Learning Center","Kennewick School District","NG",164,"19:1","98501","36500","Olympia-Tumwater,WA"
424,"Career Academy at Truman High School","Federal Way Public Schools","NG",161,"44:1","98501","36500","Olympia-Tumwater,WA"
425,"Central Kitsap Off-Campus Program","Central Kitsap School District","NG",159,"29:1","98501","36500","Olympia-Tumwater,WA"
426,"Eagle High School","Toppenish School District","NG",158,"17:1","98501","36500","Olympia-Tumwater,WA"
427,"Vancouver Public Schools Supplemental Online Courses","Vancouver School District","NG",154,"31:1","98501","36500","Olympia-Tumwater,WA"
428,"Richland School District Special Education Program","Richland School District","NG",149,"30:1","98501","36500","Olympia-Tumwater,WA"
429,"Educational Opportunity Center","Clarkston School District","NG",148,"29:1","99403","30300","Lewiston,ID-WA"
430,"Alternative High School","Central Kitsap School District","NG",148,"19:1","98383","14740","Bremerton-Silverdale,WA"
431,"Washington Youth Academy","Bremerton","NG",147,"—","98501","36500","Olympia-Tumwater,WA"
433,"AIM High School","Snohomish School District","NG",143,"31:1","98290","42644","Seattle-Bellevue-Everett,WA"
434,"Henderson Bay Alternative High School","Peninsula School District","NG",143,"14:1","98501","36500","Olympia-Tumwater,WA"
435,"Sequim Community School","Sequim School District","NG",142,"34:1","98382","38820","PortAngeles,WA"
436,"Port Gardner","Everett School District","NG",141,"40:1","98201","42644","Seattle-Bellevue-Everett,WA"
437,"Alfaretta House","Clover Park School District","NG",138,"138:1","98499","45104","Tacoma-Lakewood,WA"
438,"E.B. Walker High School","Puyallup School District","NG",137,"15:1","98501","36500","Olympia-Tumwater,WA"
439,"Edmonds School District Special Education Program","Edmonds School District","NG",136,"—","98501","36500","Olympia-Tumwater,WA"
441,"Lincoln Hill High School","Stanwood-Camano School District","NG",130,"18:1","98292","34580","MountVernon-Anacortes,WA"
441,"Lincoln Hill High School","Stanwood-Camano School District","NG",130,"18:1","98292","36020","OakHarbor,WA"
441,"Lincoln Hill High School","Stanwood-Camano School District","NG",130,"18:1","98292","42644","Seattle-Bellevue-Everett,WA"
442,"Stillaguamish School","Arlington School District","NG",130,"36:1","98223","42644","Seattle-Bellevue-Everett,WA"
443,"Weston High School","Arlington School District","NG",130,"15:1","98223","42644","Seattle-Bellevue-Everett,WA"
444,"Auburn School District Student Special Services","Auburn School District","NG",128,"42:1","98501","36500","Olympia-Tumwater,WA"
445,"Choice Academy","Highline School District","NG",126,"19:1","98501","36500","Olympia-Tumwater,WA"
446,"School Home Partnership Program","Marysville School District","NG",126,"30:1","98271","42644","Seattle-Bellevue-Everett,WA"
447,"Mt. Vernon Special Education Program","Mount Vernon School District","NG",123,"61:1","98501","36500","Olympia-Tumwater,WA"
448,"49th Street Academy","Evergreen Public Schools","NG",123,"12:1","98501","36500","Olympia-Tumwater,WA"
449,"Emerson K-12","Lake Washington School District","NG",121,"29:1","98033","42644","Seattle-Bellevue-Everett,WA"
450,"Partnership for Excellence in Alternative Remote Learning (PEARL)","Quilcene School District","NG",119,"17:1","98501","36500","Olympia-Tumwater,WA"
451,"Two Rivers School","Snoqualmie Valley School District","NG",119,"18:1","98045","42644","Seattle-Bellevue-Everett,WA"
452,"Spokane County Open Doors Reengagement Program","Spokane School District","NG",117,"—","98501","36500","Olympia-Tumwater,WA"
453,"Evergreen Flex Academy","Evergreen Public Schools","NG",117,"17:1","98501","36500","Olympia-Tumwater,WA"
454,"Saratoga School","Stanwood-Camano School District","NG",116,"58:1","98292","34580","MountVernon-Anacortes,WA"
454,"Saratoga School","Stanwood-Camano School District","NG",116,"58:1","98292","36020","OakHarbor,WA"
454,"Saratoga School","Stanwood-Camano School District","NG",116,"58:1","98292","42644","Seattle-Bellevue-Everett,WA"
455,"Harbor High School","Aberdeen School District","NG",116,"16:1","98520","10140","Aberdeen,WA"
456,"Lincoln High School Alternative Education Program","Walla Walla Public Schools","NG",114,"—","98501","36500","Olympia-Tumwater,WA"
457,"Easton School","Easton School District","NG",111,"10:1","98925","21260","Ellensburg,WA"
458,"South Whidbey Academy","South Whidbey School District","NG",111,"21:1","98260","36020","OakHarbor,WA"
459,"PARADE Program (Parents & Riverview Actively Delivering Education)","Riverview School District","NG",105,"23:1","98501","36500","Olympia-Tumwater,WA"
460,"Mica Peak High School","Central Valley School District","NG",105,"7:1","99037","44060","Spokane-SpokaneValley,WA"
461,"New Start High School","Highline School District","NG",104,"11:1","98501","36500","Olympia-Tumwater,WA"
462,"South Lake High School","Seattle Public Schools","NG",104,"11:1","98118","42644","Seattle-Bellevue-Everett,WA"
463,"Northshore Special Services","Northshore School District","NG",104,"—","98021","42644","Seattle-Bellevue-Everett,WA"
464,"Russell Ridge Center","Tahoma School District","NG",103,"35:1","98501","36500","Olympia-Tumwater,WA"
465,"Issaquah Special Services","Issaquah School District","NG",102,"—","98027","42644","Seattle-Bellevue-Everett,WA"
466,"Bethel Acceleration Academy","Bethel School District","NG",102,"—","98501","36500","Olympia-Tumwater,WA"
468,"Secondary Options School","Tumwater School District","NG",101,"22:1","98501","36500","Olympia-Tumwater,WA"
469,"The Community School","Spokane School District","NG",100,"13:1","99205","44060","Spokane-SpokaneValley,WA"
470,"Yakima Satellite Alternative Programs","Yakima School District","NG",100,"18:1","98902","49420","Yakima,WA"
471,"Handicapped Contractual Services","Shoreline School District","NG",97,"—","98155","42644","Seattle-Bellevue-Everett,WA"
472,"Options High School","Bellingham School District","NG",96,"16:1","98225","13380","Bellingham,WA"
473,"Thorp School","Thorp School District","NG",95,"6:1","98501","36500","Olympia-Tumwater,WA"
474,"Highline Learning Center","Highline School District","NG",95,"—","98501","36500","Olympia-Tumwater,WA"
475,"Selah Academy","Selah School District","NG",95,"16:1","98942","49420","Yakima,WA"
476,"Leaders in Learning Alternative High School","Monroe School District","NG",94,"22:1","98501","36500","Olympia-Tumwater,WA"
477,"Mead Alternative High School","Mead School District","NG",94,"15:1","99218","44060","Spokane-SpokaneValley,WA"
478,"Heritage School","Marysville School District","NG",91,"11:1","98271","42644","Seattle-Bellevue-Everett,WA"
479,"Lincoln High School","Port Angeles School District","NG",91,"22:1","98363","38820","PortAngeles,WA"
480,"Chimacum School Pi Program","Chimacum School District","NG",89,"20:1","98501","36500","Olympia-Tumwater,WA"
482,"Marysville School District Special Education","Marysville School District","NG",89,"26:1","98501","36500","Olympia-Tumwater,WA"
483,"Mansfield School","Mansfield School District","NG",88,"6:1","98501","36500","Olympia-Tumwater,WA"
484,"Washington State School for the Deaf","Center for Childhood Deafness and Hearing Loss","NG",87,"4:1","98501","36500","Olympia-Tumwater,WA"
485,"Wishram School","Wishram School District","NG",86,"9:1","98501","36500","Olympia-Tumwater,WA"
486,"Marysville MOVE UP Program","Marysville School District","NG",85,"—","98501","36500","Olympia-Tumwater,WA"
487,"Wenatchee Open Doors Program","Wenatchee School District","NG",85,"—","98501","36500","Olympia-Tumwater,WA"
488,"Independent Scholar Program","Riverside School District","NG",83,"40:1","98501","36500","Olympia-Tumwater,WA"
489,"Spokane Valley Learning Academy","Central Valley School District","NG",80,"19:1","99216","44060","Spokane-SpokaneValley,WA"
490,"Futurus High School","Centralia School District","NG",79,"—","98531","16500","Centralia,WA"
490,"Futurus High School","Centralia School District","NG",79,"—","98531","36500","Olympia-Tumwater,WA"
491,"Ocean","Port Townsend School District","NG",79,"30:1","98501","36500","Olympia-Tumwater,WA"
492,"TEAM High School","Woodland School District","NG",78,"39:1","98674","31020","Longview,WA"
492,"TEAM High School","Woodland School District","NG",78,"39:1","98674","38900","Portland-Vancouver-Hillsboro,OR-WA"
493,"HomeWorks","Cheney School District","NG",78,"45:1","99004","44060","Spokane-SpokaneValley,WA"
494,"PACE Alternative High School","Wapato School District","NG",76,"12:1","98501","36500","Olympia-Tumwater,WA"
495,"Wilson Creek High School","Wilson Creek School District","NG",76,"10:1","98501","36500","Olympia-Tumwater,WA"
496,"Chief Kitsap Academy","Suquamish Tribal Education Department","NG",76,"7:1","98370","14740","Bremerton-Silverdale,WA"
497,"Technical Real Access to College & Career","Central Valley School District","NG",75,"21:1","98501","36500","Olympia-Tumwater,WA"
498,"Desert Oasis High School","Othello School District","NG",74,"—","99344","28420","Kennewick-Richland,WA"
498,"Desert Oasis High School","Othello School District","NG",74,"—","99344","34180","MosesLake,WA"
499,"Support School","Federal Way Public Schools","NG",74,"—","98501","36500","Olympia-Tumwater,WA"
500,"Tiger Mountain Community High School","Issaquah School District","NG",72,"8:1","98501","36500","Olympia-Tumwater,WA"
502,"Wenatchee Valley Technical Skills Center","Moses Lake School District","NG",71,"5:1","98501","36500","Olympia-Tumwater,WA"
503,"New Market High School","Tumwater School District","NG",71,"71:1","98501","36500","Olympia-Tumwater,WA"
505,"Home Link Alternative School","Chewelah School District","NG",69,"43:1","98501","36500","Olympia-Tumwater,WA"
506,"Excelsior High School","Washougal School District","NG",68,"30:1","98671","38900","Portland-Vancouver-Hillsboro,OR-WA"
507,"Emerson High School","Lake Washington School District","NG",68,"7:1","98033","42644","Seattle-Bellevue-Everett,WA"
508,"Tacoma Public Schools Special Education","Tacoma School District","NG",67,"—","98501","36500","Olympia-Tumwater,WA"
509,"Fir Grove Children's Center","Vancouver School District","NG",67,"7:1","98501","36500","Olympia-Tumwater,WA"
510,"East Side Alternative School","Central Kitsap School District","NG",66,"17:1","98501","36500","Olympia-Tumwater,WA"
511,"Eagle Peak School at Pratt","Spokane School District","NG",66,"5:1","98501","36500","Olympia-Tumwater,WA"
512,"Hoquiam Homelink School","Hoquiam School District","NG",66,"30:1","98550","10140","Aberdeen,WA"
513,"Olympic Peninsula HomeConnection","Crescent School District","NG",66,"30:1","98501","36500","Olympia-Tumwater,WA"
514,"Blaine Home Connections","Blaine School District","NG",65,"26:1","98230","13380","Bellingham,WA"
515,"Quincy High Tech High School","Quincy School District","NG",62,"13:1","98501","36500","Olympia-Tumwater,WA"
516,"Lewis River Academy","Woodland School District","NG",61,"28:1","98674","31020","Longview,WA"
516,"Lewis River Academy","Woodland School District","NG",61,"28:1","98674","38900","Portland-Vancouver-Hillsboro,OR-WA"
517,"Snoqualmie Access","Snoqualmie Valley School District","NG",61,"—","98065","42644","Seattle-Bellevue-Everett,WA"
518,"Open Door Youth Reengagement Renton","Renton School District","NG",60,"—","98055","42644","Seattle-Bellevue-Everett,WA"
519,"Contract Learning Center","Grandview School District","NG",59,"59:1","98930","28420","Kennewick-Richland,WA"
519,"Contract Learning Center","Grandview School District","NG",59,"59:1","98930","49420","Yakima,WA"
520,"Futures School","Lake Washington School District","NG",59,"26:1","98034","42644","Seattle-Bellevue-Everett,WA"
521,"Special Services","Mukilteo School District","NG",59,"59:1","98204","42644","Seattle-Bellevue-Everett,WA"
522,"Sage Hills High School","Ephrata School District","NG",59,"16:1","98823","34180","MosesLake,WA"
523,"Palouse High School","Palouse School District","NG",58,"8:1","99161","39420","Pullman,WA"
524,"Burlington Edison Alternative School","Burlington-Edison School District","NG",57,"15:1","98501","36500","Olympia-Tumwater,WA"
526,"Phoenix High School","Kennewick School District","NG",56,"14:1","99338","28420","Kennewick-Richland,WA"
527,"Community IMAGES","Spokane School District","NG",56,"13:1","98501","36500","Olympia-Tumwater,WA"
528,"Skill Source Learning Center","Moses Lake School District","NG",55,"—","98837","34180","MosesLake,WA"
529,"Family Link Program","Vashon Island School District","NG",53,"25:1","98501","36500","Olympia-Tumwater,WA"
530,"Taholah High School","Taholah School District","NG",53,"5:1","98587","10140","Aberdeen,WA"
532,"Wellpinit-Fort Semco High School","Wellpinit School District","NG",53,"26:1","98952","49420","Yakima,WA"
533,"Cap Sante High School","Anacortes School District","NG",52,"26:1","98221","34580","MountVernon-Anacortes,WA"
534,"Three Springs High School","Cheney School District","NG",52,"18:1","99004","44060","Spokane-SpokaneValley,WA"
535,"North River School","North River School District","NG",52,"5:1","98537","10140","Aberdeen,WA"
536,"Community Based Trans Program","Tacoma School District","NG",51,"17:1","98501","36500","Olympia-Tumwater,WA"
537,"Parent-Assisted Learning (PAL) Program","North Kitsap School District","NG",51,"20:1","98501","36500","Olympia-Tumwater,WA"
538,"Phoenix Program","Puyallup School District","NG",49,"30:1","98373","45104","Tacoma-Lakewood,WA"
539,"North Kitsap School District Special Education Program","North Kitsap School District","NG",49,"—","98501","36500","Olympia-Tumwater,WA"
541,"Cva - Onalaska","Onalaska School District","NG",48,"43:1","98501","36500","Olympia-Tumwater,WA"
542,"Clarkston School District Special Education Program","Clarkston School District","NG",48,"—","98501","36500","Olympia-Tumwater,WA"
543,"Washington State School for the Blind","Office of the Governor (School for Blind)","NG",48,"3:1","98501","36500","Olympia-Tumwater,WA"
544,"Washtucna School","Washtucna School District","NG",47,"3:1","98501","36500","Olympia-Tumwater,WA"
545,"Kahlotus School","Kahlotus School District","NG",47,"4:1","98501","36500","Olympia-Tumwater,WA"
546,"Lincoln High School Homelink","Walla Walla Public Schools","NG",46,"20:1","98501","36500","Olympia-Tumwater,WA"
547,"Gateway to College","Federal Way Public Schools","NG",46,"—","98501","36500","Olympia-Tumwater,WA"
549,"Lind Junior/Senior High School","Lind School District","NG",45,"4:1","98501","36500","Olympia-Tumwater,WA"
550,"Creston Junior/Senior High School","Creston School District","NG",44,"5:1","98501","36500","Olympia-Tumwater,WA"
552,"Medical Lake Alternative High School","Medical Lake School District","NG",42,"30:1","99022","44060","Spokane-SpokaneValley,WA"
553,"Renton Academy","Renton School District","NG",42,"5:1","98056","42644","Seattle-Bellevue-Everett,WA"
554,"PACE Academy","North Mason School District","NG",39,"14:1","98501","36500","Olympia-Tumwater,WA"
555,"Toledo Alternative Options School","Toledo School District","NG",38,"27:1","98501","36500","Olympia-Tumwater,WA"
556,"Prosser Falls Education Center","Prosser School District","NG",38,"38:1","99350","28420","Kennewick-Richland,WA"
557,"Port Angeles Special Education Program","Port Angeles School District","NG",37,"—","98501","36500","Olympia-Tumwater,WA"
558,"Snoqualmie Parent Partnership Program","Snoqualmie Valley School District","NG",37,"—","98045","42644","Seattle-Bellevue-Everett,WA"
559,"LaCrosse High School","School District of La Crosse","NG",35,"4:1","98501","36500","Olympia-Tumwater,WA"
560,"Mount Baker Academy","Mount Baker School District","NG",35,"12:1","98220","13380","Bellingham,WA"
561,"East Grays Harbor Learning Opportunity Center","Elma School District","NG",34,"11:1","98501","36500","Olympia-Tumwater,WA"
562,"Bainbridge Special Education Services","Bainbridge Island School District","NG",34,"—","98110","14740","Bremerton-Silverdale,WA"
563,"Smokiam Alternative High School","Soap Lake School District","NG",34,"34:1","98851","34180","MosesLake,WA"
564,"Employment Transition Program","Federal Way Public Schools","NG",34,"11:1","98501","36500","Olympia-Tumwater,WA"
565,"Chelan School of Innovation","Lake Chelan School District","NG",34,"17:1","98816","48300","Wenatchee,WA"
566,"Columbia Basin Technical Skills Center","Wellpinit School District","NG",34,"17:1","98501","36500","Olympia-Tumwater,WA"
567,"Apolo High School","Winlock School District","NG",34,"34:1","98501","36500","Olympia-Tumwater,WA"
568,"REACH Center","Tacoma School District","NG",33,"—","98501","36500","Olympia-Tumwater,WA"
569,"Glenwood Secondary School","Glenwood School District","NG",33,"7:1","98501","36500","Olympia-Tumwater,WA"
570,"Off-Campus Special Education","Central Valley School District","NG",32,"11:1","98501","36500","Olympia-Tumwater,WA"
571,"Digital Electronic Contact Mary Walker Parent Partnership Program","Mary Walker School District","NG",32,"—","98501","36500","Olympia-Tumwater,WA"
572,"Snohomish Center","Snohomish School District","NG",32,"—","98290","42644","Seattle-Bellevue-Everett,WA"
573,"Maplewood Center","Edmonds School District","NG",32,"6:1","98020","42644","Seattle-Bellevue-Everett,WA"
574,"Palouse Junction High School","North Franklin School District","NG",32,"17:1","99326","28420","Kennewick-Richland,WA"
575,"Arlington Special Education School","Arlington School District","NG",31,"31:1","98501","36500","Olympia-Tumwater,WA"
576,"Gateway to Adult Transition Education (GATE)","Vancouver School District","NG",30,"15:1","98501","36500","Olympia-Tumwater,WA"
577,"Swiftwater Learning Center","Cle Elum-Roslyn School District","NG",29,"29:1","98941","21260","Ellensburg,WA"
579,"Central Kitsap (CK) Online Academy","Central Kitsap School District","NG",29,"171:1","98501","36500","Olympia-Tumwater,WA"
580,"Forks Alternative School","Quillayute Valley School District","NG",28,"28:1","98331","38820","PortAngeles,WA"
581,"Meridian Special Programs","Meridian School District","NG",28,"—","98226","13380","Bellingham,WA"
581,"Meridian Special Programs","Meridian School District","NG",28,"—","98226","34580","MountVernon-Anacortes,WA"
582,"Sentinel Tech Alternative School","Wahluke School District","NG",27,"27:1","98501","36500","Olympia-Tumwater,WA"
583,"Loowit High School","Kelso School District","NG",27,"27:1","98626","31020","Longview,WA"
585,"Gar-Pal High School","Garfield School District","NG",26,"52:1","98501","36500","Olympia-Tumwater,WA"
588,"Columbia Gorge School","Stevenson-Carson School District","NG",24,"15:1","98501","36500","Olympia-Tumwater,WA"
589,"Student Link Program","Vashon Island School District","NG",24,"—","98501","36500","Olympia-Tumwater,WA"
590,"Cva-Lopez Island","Lopez School District","NG",24,"48:1","98501","36500","Olympia-Tumwater,WA"
592,"iGrad Academy","Oak Harbor School District","NG",22,"—","98277","36020","OakHarbor,WA"
593,"A-3 Multiagency Adolescent Program","Spokane School District","NG",22,"7:1","98501","36500","Olympia-Tumwater,WA"
594,"Bellingham Re-Engagement Program","Bellingham School District","NG",22,"—","98225","13380","Bellingham,WA"
595,"Pend Oreille River School","Newport School District","NG",22,"19:1","99156","44060","Spokane-SpokaneValley,WA"
596,"Enumclaw School District Special Education Program","Enumclaw School District","NG",21,"21:1","98501","36500","Olympia-Tumwater,WA"
597,"Holistic Educational Alternatives for Rochester Teens (HEART) High School","Rochester School District","NG",20,"20:1","98501","36500","Olympia-Tumwater,WA"
599,"Brewster Alternative School","Brewster School District","NG",20,"—","98812","48300","Wenatchee,WA"
600,"REACH K-8 Home School Program","Methow Valley School District","NG",19,"14:1","98501","36500","Olympia-Tumwater,WA"
602,"Methow Valley Independent Learning Center","Methow Valley School District","NG",19,"13:1","98501","36500","Olympia-Tumwater,WA"
603,"Puget Sound High School","Highline School District","NG",18,"30:1","98148","42644","Seattle-Bellevue-Everett,WA"
604,"Northshore Online School","Northshore School District","NG",18,"—","98021","42644","Seattle-Bellevue-Everett,WA"
605,"Holden Village Community School","Lake Chelan School District","NG",18,"8:1","98816","48300","Wenatchee,WA"
606,"Day Reporting School","Tacoma School District","NG",18,"9:1","98406","45104","Tacoma-Lakewood,WA"
607,"Spokane Valley Tech","Central Valley School District","NG",17,"2:1","99206","44060","Spokane-SpokaneValley,WA"
608,"Ellensburg Learning Center","Ellensburg School District","NG",17,"17:1","98501","36500","Olympia-Tumwater,WA"
609,"Bridgeport Aurora High School","Bridgeport School District","NG",17,"17:1","98813","48300","Wenatchee,WA"
610,"Granite Falls Open Doors Program","Granite Falls School District","NG",16,"—","98501","36500","Olympia-Tumwater,WA"
611,"Kelso School District Special Education Program","Kelso School District","NG",16,"—","98501","36500","Olympia-Tumwater,WA"
612,"District Run Home School","Quillayute Valley School District","NG",15,"15:1","98331","38820","PortAngeles,WA"
613,"Highline Homeschool Center","Highline School District","NG",15,"—","98501","36500","Olympia-Tumwater,WA"
614,"Skykomish High School","Skykomish School District","NG",15,"4:1","98288","42644","Seattle-Bellevue-Everett,WA"
615,"Transition Day Students","Clover Park School District","NG",14,"—","98499","45104","Tacoma-Lakewood,WA"
616,"Kelso Virtual Academy","Kelso School District","NG",14,"19:1","98626","31020","Longview,WA"
617,"Gates Open Doors Program","Franklin Pierce School District","NG",13,"—","98501","36500","Olympia-Tumwater,WA"
618,"Merit School","Federal Way Public Schools","NG",13,"6:1","98501","36500","Olympia-Tumwater,WA"
619,"Parents As Partners Program","Port Angeles School District","NG",12,"—","98501","36500","Olympia-Tumwater,WA"
620,"North Mason Homelink Program","North Mason School District","NG",12,"6:1","98528","43220","Shelton,WA"
622,"Excelsior Youth Center School","Spokane School District","NG",11,"11:1","99208","44060","Spokane-SpokaneValley,WA"
623,"Mossyrock Academy","Mossyrock School District","NG",11,"—","98564","16500","Centralia,WA"
