"ZCTA5","ZIPNAME","COUNTY","CBSA","CBSA_NAME","MSA","MSA_NAME"
"98001","ALGONA","King WA","42660","Seattle-Tacoma-Bellevue, WA","42644","Seattle-Bellevue-Everett, WA"
"98001","ALGONA","King WA","42660","Seattle-Tacoma-Bellevue, WA","42644","Seattle-Bellevue-Everett, WA"
"98002","AUBURN","King WA","42660","Seattle-Tacoma-Bellevue, WA","42644","Seattle-Bellevue-Everett, WA"
"98003","FEDERAL WAY","King WA","42660","Seattle-Tacoma-Bellevue, WA","42644","Seattle-Bellevue-Everett, WA"
"98004","BEAUX ARTS","King WA","42660","Seattle-Tacoma-Bellevue, WA","42644","Seattle-Bellevue-Everett, WA"
"98005","BELLEVUE","King WA","42660","Seattle-Tacoma-Bellevue, WA","42644","Seattle-Bellevue-Everett, WA"
"98006","BELLEVUE","King WA","42660","Seattle-Tacoma-Bellevue, WA","42644","Seattle-Bellevue-Everett, WA"
"98007","BELLEVUE","King WA","42660","Seattle-Tacoma-Bellevue, WA","42644","Seattle-Bellevue-Everett, WA"
"98008","BELLEVUE","King WA","42660","Seattle-Tacoma-Bellevue, WA","42644","Seattle-Bellevue-Everett, WA"
"98010","BLACK DIAMOND","King WA","42660","Seattle-Tacoma-Bellevue, WA","42644","Seattle-Bellevue-Everett, WA"
"98011","BOTHELL","King WA","42660","Seattle-Tacoma-Bellevue, WA","42644","Seattle-Bellevue-Everett, WA"
"98012","MILL CREEK","Snohomish WA","42660","Seattle-Tacoma-Bellevue, WA","42644","Seattle-Bellevue-Everett, WA"
"98012","MILL CREEK","Snohomish WA","42660","Seattle-Tacoma-Bellevue, WA","42644","Seattle-Bellevue-Everett, WA"
"98012","MILL CREEK","Snohomish WA","42660","Seattle-Tacoma-Bellevue, WA","42644","Seattle-Bellevue-Everett, WA"
"98014","CARNATION","King WA","42660","Seattle-Tacoma-Bellevue, WA","42644","Seattle-Bellevue-Everett, WA"
"98014","CARNATION","King WA","42660","Seattle-Tacoma-Bellevue, WA","42644","Seattle-Bellevue-Everett, WA"
"98019","DUVALL","King WA","42660","Seattle-Tacoma-Bellevue, WA","42644","Seattle-Bellevue-Everett, WA"
"98020","WOODWAY","Snohomish WA","42660","Seattle-Tacoma-Bellevue, WA","42644","Seattle-Bellevue-Everett, WA"
"98021","BOTHELL","Snohomish WA","42660","Seattle-Tacoma-Bellevue, WA","42644","Seattle-Bellevue-Everett, WA"
"98021","BOTHELL","Snohomish WA","42660","Seattle-Tacoma-Bellevue, WA","42644","Seattle-Bellevue-Everett, WA"
"98022","ENUMCLAW","King WA","42660","Seattle-Tacoma-Bellevue, WA","42644","Seattle-Bellevue-Everett, WA"
"98022","ENUMCLAW","Pierce WA","42660","Seattle-Tacoma-Bellevue, WA","45104","Tacoma-Lakewood, WA"
"98023","FEDERAL WAY","King WA","42660","Seattle-Tacoma-Bellevue, WA","42644","Seattle-Bellevue-Everett, WA"
"98024","FALL CITY","King WA","42660","Seattle-Tacoma-Bellevue, WA","42644","Seattle-Bellevue-Everett, WA"
"98024","FALL CITY","King WA","42660","Seattle-Tacoma-Bellevue, WA","42644","Seattle-Bellevue-Everett, WA"
"98025","HOBART","King WA","42660","Seattle-Tacoma-Bellevue, WA","42644","Seattle-Bellevue-Everett, WA"
"98026","EDMONDS","Snohomish WA","42660","Seattle-Tacoma-Bellevue, WA","42644","Seattle-Bellevue-Everett, WA"
"98027","ISSAQUAH","King WA","42660","Seattle-Tacoma-Bellevue, WA","42644","Seattle-Bellevue-Everett, WA"
"98027","ISSAQUAH","King WA","42660","Seattle-Tacoma-Bellevue, WA","42644","Seattle-Bellevue-Everett, WA"
"98027","ISSAQUAH","King WA","42660","Seattle-Tacoma-Bellevue, WA","42644","Seattle-Bellevue-Everett, WA"
"98027","ISSAQUAH","King WA","42660","Seattle-Tacoma-Bellevue, WA","42644","Seattle-Bellevue-Everett, WA"
"98028","KENMORE","King WA","42660","Seattle-Tacoma-Bellevue, WA","42644","Seattle-Bellevue-Everett, WA"
"98028","KENMORE","King WA","42660","Seattle-Tacoma-Bellevue, WA","42644","Seattle-Bellevue-Everett, WA"
"98029","98029","King WA","42660","Seattle-Tacoma-Bellevue, WA","42644","Seattle-Bellevue-Everett, WA"
"98031","KENT","King WA","42660","Seattle-Tacoma-Bellevue, WA","42644","Seattle-Bellevue-Everett, WA"
"98032","KENT","King WA","42660","Seattle-Tacoma-Bellevue, WA","42644","Seattle-Bellevue-Everett, WA"
"98032","KENT","King WA","42660","Seattle-Tacoma-Bellevue, WA","42644","Seattle-Bellevue-Everett, WA"
"98033","KIRKLAND","King WA","42660","Seattle-Tacoma-Bellevue, WA","42644","Seattle-Bellevue-Everett, WA"
"98034","KIRKLAND","King WA","42660","Seattle-Tacoma-Bellevue, WA","42644","Seattle-Bellevue-Everett, WA"
"98036","BRIER","Snohomish WA","42660","Seattle-Tacoma-Bellevue, WA","42644","Seattle-Bellevue-Everett, WA"
"98037","LYNNWOOD","Snohomish WA","42660","Seattle-Tacoma-Bellevue, WA","42644","Seattle-Bellevue-Everett, WA"
"98037","LYNNWOOD","Snohomish WA","42660","Seattle-Tacoma-Bellevue, WA","42644","Seattle-Bellevue-Everett, WA"
"98038","MAPLE VALLEY","King WA","42660","Seattle-Tacoma-Bellevue, WA","42644","Seattle-Bellevue-Everett, WA"
"98038","MAPLE VALLEY","King WA","42660","Seattle-Tacoma-Bellevue, WA","42644","Seattle-Bellevue-Everett, WA"
"98038","MAPLE VALLEY","King WA","42660","Seattle-Tacoma-Bellevue, WA","42644","Seattle-Bellevue-Everett, WA"
"98039","MEDINA","King WA","42660","Seattle-Tacoma-Bellevue, WA","42644","Seattle-Bellevue-Everett, WA"
"98040","MERCER ISLAND","King WA","42660","Seattle-Tacoma-Bellevue, WA","42644","Seattle-Bellevue-Everett, WA"
"98042","KENT","King WA","42660","Seattle-Tacoma-Bellevue, WA","42644","Seattle-Bellevue-Everett, WA"
"98042","KENT","King WA","42660","Seattle-Tacoma-Bellevue, WA","42644","Seattle-Bellevue-Everett, WA"
"98042","KENT","King WA","42660","Seattle-Tacoma-Bellevue, WA","42644","Seattle-Bellevue-Everett, WA"
"98043","MOUNTLAKE TERRAC","Snohomish WA","42660","Seattle-Tacoma-Bellevue, WA","42644","Seattle-Bellevue-Everett, WA"
"98045","NORTH BEND","King WA","42660","Seattle-Tacoma-Bellevue, WA","42644","Seattle-Bellevue-Everett, WA"
"98047","PACIFIC","King WA","42660","Seattle-Tacoma-Bellevue, WA","42644","Seattle-Bellevue-Everett, WA"
"98051","RAVENSDALE","King WA","42660","Seattle-Tacoma-Bellevue, WA","42644","Seattle-Bellevue-Everett, WA"
"98051","RAVENSDALE","King WA","42660","Seattle-Tacoma-Bellevue, WA","42644","Seattle-Bellevue-Everett, WA"
"98052","REDMOND","King WA","42660","Seattle-Tacoma-Bellevue, WA","42644","Seattle-Bellevue-Everett, WA"
"98053","REDMOND","King WA","42660","Seattle-Tacoma-Bellevue, WA","42644","Seattle-Bellevue-Everett, WA"
"98053","REDMOND","King WA","42660","Seattle-Tacoma-Bellevue, WA","42644","Seattle-Bellevue-Everett, WA"
"98055","RENTON","King WA","42660","Seattle-Tacoma-Bellevue, WA","42644","Seattle-Bellevue-Everett, WA"
"98055","RENTON","King WA","42660","Seattle-Tacoma-Bellevue, WA","42644","Seattle-Bellevue-Everett, WA"
"98056","RENTON","King WA","42660","Seattle-Tacoma-Bellevue, WA","42644","Seattle-Bellevue-Everett, WA"
"98058","RENTON","King WA","42660","Seattle-Tacoma-Bellevue, WA","42644","Seattle-Bellevue-Everett, WA"
"98058","RENTON","King WA","42660","Seattle-Tacoma-Bellevue, WA","42644","Seattle-Bellevue-Everett, WA"
"98058","RENTON","King WA","42660","Seattle-Tacoma-Bellevue, WA","42644","Seattle-Bellevue-Everett, WA"
"98059","RENTON","King WA","42660","Seattle-Tacoma-Bellevue, WA","42644","Seattle-Bellevue-Everett, WA"
"98065","SNOQUALMIE","King WA","42660","Seattle-Tacoma-Bellevue, WA","42644","Seattle-Bellevue-Everett, WA"
"98068","SNOQUALMIE PASS","Kittitas WA","21260","Ellensburg, WA","21260"," "
"98070","VASHON","King WA","42660","Seattle-Tacoma-Bellevue, WA","42644","Seattle-Bellevue-Everett, WA"
"98072","WOODINVILLE","King WA","42660","Seattle-Tacoma-Bellevue, WA","42644","Seattle-Bellevue-Everett, WA"
"98072","WOODINVILLE","Snohomish WA","42660","Seattle-Tacoma-Bellevue, WA","42644","Seattle-Bellevue-Everett, WA"
"98092","98092","King WA","42660","Seattle-Tacoma-Bellevue, WA","42644","Seattle-Bellevue-Everett, WA"
"98092","98092","King WA","42660","Seattle-Tacoma-Bellevue, WA","42644","Seattle-Bellevue-Everett, WA"
"98092","98092","King WA","42660","Seattle-Tacoma-Bellevue, WA","42644","Seattle-Bellevue-Everett, WA"
"980XX","980XX","King WA","42660","Seattle-Tacoma-Bellevue, WA","42644","Seattle-Bellevue-Everett, WA"
"98101","SEATTLE","King WA","42660","Seattle-Tacoma-Bellevue, WA","42644","Seattle-Bellevue-Everett, WA"
"98102","SEATTLE","King WA","42660","Seattle-Tacoma-Bellevue, WA","42644","Seattle-Bellevue-Everett, WA"
"98103","SEATTLE","King WA","42660","Seattle-Tacoma-Bellevue, WA","42644","Seattle-Bellevue-Everett, WA"
"98104","SEATTLE","King WA","42660","Seattle-Tacoma-Bellevue, WA","42644","Seattle-Bellevue-Everett, WA"
"98105","SEATTLE","King WA","42660","Seattle-Tacoma-Bellevue, WA","42644","Seattle-Bellevue-Everett, WA"
"98106","SEATTLE","King WA","42660","Seattle-Tacoma-Bellevue, WA","42644","Seattle-Bellevue-Everett, WA"
"98107","SEATTLE","King WA","42660","Seattle-Tacoma-Bellevue, WA","42644","Seattle-Bellevue-Everett, WA"
"98108","TUKWILA","King WA","42660","Seattle-Tacoma-Bellevue, WA","42644","Seattle-Bellevue-Everett, WA"
"98109","SEATTLE","King WA","42660","Seattle-Tacoma-Bellevue, WA","42644","Seattle-Bellevue-Everett, WA"
"98110","BAINBRIDGE ISLAN","Kitsap WA","14740","Bremerton-Silverdale, WA","14740"," "
"98112","SEATTLE","King WA","42660","Seattle-Tacoma-Bellevue, WA","42644","Seattle-Bellevue-Everett, WA"
"98115","SEATTLE","King WA","42660","Seattle-Tacoma-Bellevue, WA","42644","Seattle-Bellevue-Everett, WA"
"98116","SEATTLE","King WA","42660","Seattle-Tacoma-Bellevue, WA","42644","Seattle-Bellevue-Everett, WA"
"98117","SEATTLE","King WA","42660","Seattle-Tacoma-Bellevue, WA","42644","Seattle-Bellevue-Everett, WA"
"98118","SEATTLE","King WA","42660","Seattle-Tacoma-Bellevue, WA","42644","Seattle-Bellevue-Everett, WA"
"98119","SEATTLE","King WA","42660","Seattle-Tacoma-Bellevue, WA","42644","Seattle-Bellevue-Everett, WA"
"98121","SEATTLE","King WA","42660","Seattle-Tacoma-Bellevue, WA","42644","Seattle-Bellevue-Everett, WA"
"98122","SEATTLE","King WA","42660","Seattle-Tacoma-Bellevue, WA","42644","Seattle-Bellevue-Everett, WA"
"98125","SEATTLE","King WA","42660","Seattle-Tacoma-Bellevue, WA","42644","Seattle-Bellevue-Everett, WA"
"98126","SEATTLE","King WA","42660","Seattle-Tacoma-Bellevue, WA","42644","Seattle-Bellevue-Everett, WA"
"98133","SEATTLE","King WA","42660","Seattle-Tacoma-Bellevue, WA","42644","Seattle-Bellevue-Everett, WA"
"98134","SEATTLE","King WA","42660","Seattle-Tacoma-Bellevue, WA","42644","Seattle-Bellevue-Everett, WA"
"98136","SEATTLE","King WA","42660","Seattle-Tacoma-Bellevue, WA","42644","Seattle-Bellevue-Everett, WA"
"98144","SEATTLE","King WA","42660","Seattle-Tacoma-Bellevue, WA","42644","Seattle-Bellevue-Everett, WA"
"98146","BURIEN","King WA","42660","Seattle-Tacoma-Bellevue, WA","42644","Seattle-Bellevue-Everett, WA"
"98148","NORMANDY PARK","King WA","42660","Seattle-Tacoma-Bellevue, WA","42644","Seattle-Bellevue-Everett, WA"
"98154","SEATTLE","King WA","42660","Seattle-Tacoma-Bellevue, WA","42644","Seattle-Bellevue-Everett, WA"
"98155","LK FOREST PARK","King WA","42660","Seattle-Tacoma-Bellevue, WA","42644","Seattle-Bellevue-Everett, WA"
"98155","LK FOREST PARK","King WA","42660","Seattle-Tacoma-Bellevue, WA","42644","Seattle-Bellevue-Everett, WA"
"98164","SEATTLE","King WA","42660","Seattle-Tacoma-Bellevue, WA","42644","Seattle-Bellevue-Everett, WA"
"98166","NORMANDY PARK","King WA","42660","Seattle-Tacoma-Bellevue, WA","42644","Seattle-Bellevue-Everett, WA"
"98168","TUKWILA","King WA","42660","Seattle-Tacoma-Bellevue, WA","42644","Seattle-Bellevue-Everett, WA"
"98174","SEATTLE","King WA","42660","Seattle-Tacoma-Bellevue, WA","42644","Seattle-Bellevue-Everett, WA"
"98177","SEATTLE","King WA","42660","Seattle-Tacoma-Bellevue, WA","42644","Seattle-Bellevue-Everett, WA"
"98178","TUKWILA","King WA","42660","Seattle-Tacoma-Bellevue, WA","42644","Seattle-Bellevue-Everett, WA"
"98178","TUKWILA","King WA","42660","Seattle-Tacoma-Bellevue, WA","42644","Seattle-Bellevue-Everett, WA"
"98188","TUKWILA","King WA","42660","Seattle-Tacoma-Bellevue, WA","42644","Seattle-Bellevue-Everett, WA"
"98198","DES MOINES","King WA","42660","Seattle-Tacoma-Bellevue, WA","42644","Seattle-Bellevue-Everett, WA"
"98198","DES MOINES","King WA","42660","Seattle-Tacoma-Bellevue, WA","42644","Seattle-Bellevue-Everett, WA"
"98199","SEATTLE","King WA","42660","Seattle-Tacoma-Bellevue, WA","42644","Seattle-Bellevue-Everett, WA"
"98201","EVERETT","Snohomish WA","42660","Seattle-Tacoma-Bellevue, WA","42644","Seattle-Bellevue-Everett, WA"
"98203","EVERETT","Snohomish WA","42660","Seattle-Tacoma-Bellevue, WA","42644","Seattle-Bellevue-Everett, WA"
"98204","EVERETT","Snohomish WA","42660","Seattle-Tacoma-Bellevue, WA","42644","Seattle-Bellevue-Everett, WA"
"98205","EVERETT","Snohomish WA","42660","Seattle-Tacoma-Bellevue, WA","42644","Seattle-Bellevue-Everett, WA"
"98205","EVERETT","Snohomish WA","42660","Seattle-Tacoma-Bellevue, WA","42644","Seattle-Bellevue-Everett, WA"
"98205","EVERETT","Snohomish WA","42660","Seattle-Tacoma-Bellevue, WA","42644","Seattle-Bellevue-Everett, WA"
"98208","EVERETT","Snohomish WA","42660","Seattle-Tacoma-Bellevue, WA","42644","Seattle-Bellevue-Everett, WA"
"98208","EVERETT","Snohomish WA","42660","Seattle-Tacoma-Bellevue, WA","42644","Seattle-Bellevue-Everett, WA"
"98208","EVERETT","Snohomish WA","42660","Seattle-Tacoma-Bellevue, WA","42644","Seattle-Bellevue-Everett, WA"
"98220","ACME","Whatcom WA","13380","Bellingham, WA","13380"," "
"98221","ANACORTES","San Juan WA",NA," ",NA," "
"98221","ANACORTES","Skagit WA","34580","Mount Vernon-Anacortes, WA","34580"," "
"98221","ANACORTES","Skagit WA","34580","Mount Vernon-Anacortes, WA","34580"," "
"98222","BLAKELY ISLAND","San Juan WA",NA," ",NA," "
"98222","BLAKELY ISLAND","San Juan WA",NA," ",NA," "
"98223","ARLINGTON","Snohomish WA","42660","Seattle-Tacoma-Bellevue, WA","42644","Seattle-Bellevue-Everett, WA"
"98223","ARLINGTON","Snohomish WA","42660","Seattle-Tacoma-Bellevue, WA","42644","Seattle-Bellevue-Everett, WA"
"98223","ARLINGTON","Snohomish WA","42660","Seattle-Tacoma-Bellevue, WA","42644","Seattle-Bellevue-Everett, WA"
"98223","ARLINGTON","Snohomish WA","42660","Seattle-Tacoma-Bellevue, WA","42644","Seattle-Bellevue-Everett, WA"
"98224","BARING","King WA","42660","Seattle-Tacoma-Bellevue, WA","42644","Seattle-Bellevue-Everett, WA"
"98225","BELLINGHAM","Whatcom WA","13380","Bellingham, WA","13380"," "
"98226","BELLINGHAM","Skagit WA","34580","Mount Vernon-Anacortes, WA","34580"," "
"98226","BELLINGHAM","Whatcom WA","13380","Bellingham, WA","13380"," "
"98226","BELLINGHAM","Whatcom WA","13380","Bellingham, WA","13380"," "
"98226","BELLINGHAM","Whatcom WA","13380","Bellingham, WA","13380"," "
"98226","BELLINGHAM","Whatcom WA","13380","Bellingham, WA","13380"," "
"98230","BLAINE","Whatcom WA","13380","Bellingham, WA","13380"," "
"98230","BLAINE","Whatcom WA","13380","Bellingham, WA","13380"," "
"98230","BLAINE","Whatcom WA","13380","Bellingham, WA","13380"," "
"98232","BOW","Skagit WA","34580","Mount Vernon-Anacortes, WA","34580"," "
"98232","BOW","Skagit WA","34580","Mount Vernon-Anacortes, WA","34580"," "
"98233","BURLINGTON","Skagit WA","34580","Mount Vernon-Anacortes, WA","34580"," "
"98233","BURLINGTON","Skagit WA","34580","Mount Vernon-Anacortes, WA","34580"," "
"98233","BURLINGTON","Skagit WA","34580","Mount Vernon-Anacortes, WA","34580"," "
"98235","CLEARLAKE","Skagit WA","34580","Mount Vernon-Anacortes, WA","34580"," "
"98236","CLINTON","Island WA","36020","Oak Harbor, WA","36020"," "
"98237","CONCRETE","Skagit WA","34580","Mount Vernon-Anacortes, WA","34580"," "
"98237","CONCRETE","Skagit WA","34580","Mount Vernon-Anacortes, WA","34580"," "
"98238","CONWAY","Skagit WA","34580","Mount Vernon-Anacortes, WA","34580"," "
"98239","COUPEVILLE","Island WA","36020","Oak Harbor, WA","36020"," "
"98240","CUSTER","Whatcom WA","13380","Bellingham, WA","13380"," "
"98240","CUSTER","Whatcom WA","13380","Bellingham, WA","13380"," "
"98241","DARRINGTON","Skagit WA","34580","Mount Vernon-Anacortes, WA","34580"," "
"98241","DARRINGTON","Snohomish WA","42660","Seattle-Tacoma-Bellevue, WA","42644","Seattle-Bellevue-Everett, WA"
"98243","DEER HARBOR","San Juan WA",NA," ",NA," "
"98244","GLACIER","Whatcom WA","13380","Bellingham, WA","13380"," "
"98245","EASTSOUND","San Juan WA",NA," ",NA," "
"98247","EVERSON","Whatcom WA","13380","Bellingham, WA","13380"," "
"98247","EVERSON","Whatcom WA","13380","Bellingham, WA","13380"," "
"98247","EVERSON","Whatcom WA","13380","Bellingham, WA","13380"," "
"98248","FERNDALE","Whatcom WA","13380","Bellingham, WA","13380"," "
"98248","FERNDALE","Whatcom WA","13380","Bellingham, WA","13380"," "
"98248","FERNDALE","Whatcom WA","13380","Bellingham, WA","13380"," "
"98248","FERNDALE","Whatcom WA","13380","Bellingham, WA","13380"," "
"98248","FERNDALE","Whatcom WA","13380","Bellingham, WA","13380"," "
"98249","FREELAND","Island WA","36020","Oak Harbor, WA","36020"," "
"98249","FREELAND","Island WA","36020","Oak Harbor, WA","36020"," "
"98250","FRIDAY HARBOR","San Juan WA",NA," ",NA," "
"98251","GOLD BAR","Snohomish WA","42660","Seattle-Tacoma-Bellevue, WA","42644","Seattle-Bellevue-Everett, WA"
"98252","GRANITE FALLS","Snohomish WA","42660","Seattle-Tacoma-Bellevue, WA","42644","Seattle-Bellevue-Everett, WA"
"98252","GRANITE FALLS","Snohomish WA","42660","Seattle-Tacoma-Bellevue, WA","42644","Seattle-Bellevue-Everett, WA"
"98252","GRANITE FALLS","Snohomish WA","42660","Seattle-Tacoma-Bellevue, WA","42644","Seattle-Bellevue-Everett, WA"
"98253","GREENBANK","Island WA","36020","Oak Harbor, WA","36020"," "
"98256","INDEX","Snohomish WA","42660","Seattle-Tacoma-Bellevue, WA","42644","Seattle-Bellevue-Everett, WA"
"98257","LA CONNER","Skagit WA","34580","Mount Vernon-Anacortes, WA","34580"," "
"98257","LA CONNER","Skagit WA","34580","Mount Vernon-Anacortes, WA","34580"," "
"98258","LAKE STEVENS","Snohomish WA","42660","Seattle-Tacoma-Bellevue, WA","42644","Seattle-Bellevue-Everett, WA"
"98258","LAKE STEVENS","Snohomish WA","42660","Seattle-Tacoma-Bellevue, WA","42644","Seattle-Bellevue-Everett, WA"
"98258","LAKE STEVENS","Snohomish WA","42660","Seattle-Tacoma-Bellevue, WA","42644","Seattle-Bellevue-Everett, WA"
"98258","LAKE STEVENS","Snohomish WA","42660","Seattle-Tacoma-Bellevue, WA","42644","Seattle-Bellevue-Everett, WA"
"98260","LANGLEY","Island WA","36020","Oak Harbor, WA","36020"," "
"98261","LOPEZ","San Juan WA",NA," ",NA," "
"98262","LUMMI ISLAND","Whatcom WA","13380","Bellingham, WA","13380"," "
"98264","LYNDEN","Whatcom WA","13380","Bellingham, WA","13380"," "
"98264","LYNDEN","Whatcom WA","13380","Bellingham, WA","13380"," "
"98264","LYNDEN","Whatcom WA","13380","Bellingham, WA","13380"," "
"98264","LYNDEN","Whatcom WA","13380","Bellingham, WA","13380"," "
"98267","MARBLEMOUNT","Skagit WA","34580","Mount Vernon-Anacortes, WA","34580"," "
"98270","MARYSVILLE","Snohomish WA","42660","Seattle-Tacoma-Bellevue, WA","42644","Seattle-Bellevue-Everett, WA"
"98270","MARYSVILLE","Snohomish WA","42660","Seattle-Tacoma-Bellevue, WA","42644","Seattle-Bellevue-Everett, WA"
"98271","MARYSVILLE","Snohomish WA","42660","Seattle-Tacoma-Bellevue, WA","42644","Seattle-Bellevue-Everett, WA"
"98271","MARYSVILLE","Snohomish WA","42660","Seattle-Tacoma-Bellevue, WA","42644","Seattle-Bellevue-Everett, WA"
"98271","MARYSVILLE","Snohomish WA","42660","Seattle-Tacoma-Bellevue, WA","42644","Seattle-Bellevue-Everett, WA"
"98271","MARYSVILLE","Snohomish WA","42660","Seattle-Tacoma-Bellevue, WA","42644","Seattle-Bellevue-Everett, WA"
"98272","MONROE","Snohomish WA","42660","Seattle-Tacoma-Bellevue, WA","42644","Seattle-Bellevue-Everett, WA"
"98272","MONROE","Snohomish WA","42660","Seattle-Tacoma-Bellevue, WA","42644","Seattle-Bellevue-Everett, WA"
"98272","MONROE","Snohomish WA","42660","Seattle-Tacoma-Bellevue, WA","42644","Seattle-Bellevue-Everett, WA"
"98273","MOUNT VERNON","Skagit WA","34580","Mount Vernon-Anacortes, WA","34580"," "
"98273","MOUNT VERNON","Skagit WA","34580","Mount Vernon-Anacortes, WA","34580"," "
"98273","MOUNT VERNON","Skagit WA","34580","Mount Vernon-Anacortes, WA","34580"," "
"98273","MOUNT VERNON","Skagit WA","34580","Mount Vernon-Anacortes, WA","34580"," "
"98273","MOUNT VERNON","Skagit WA","34580","Mount Vernon-Anacortes, WA","34580"," "
"98273","MOUNT VERNON","Skagit WA","34580","Mount Vernon-Anacortes, WA","34580"," "
"98273","MOUNT VERNON","Skagit WA","34580","Mount Vernon-Anacortes, WA","34580"," "
"98274","98274","Skagit WA","34580","Mount Vernon-Anacortes, WA","34580"," "
"98274","98274","Skagit WA","34580","Mount Vernon-Anacortes, WA","34580"," "
"98274","98274","Skagit WA","34580","Mount Vernon-Anacortes, WA","34580"," "
"98275","MUKILTEO","Snohomish WA","42660","Seattle-Tacoma-Bellevue, WA","42644","Seattle-Bellevue-Everett, WA"
"98275","MUKILTEO","Snohomish WA","42660","Seattle-Tacoma-Bellevue, WA","42644","Seattle-Bellevue-Everett, WA"
"98277","OAK HARBOR","Island WA","36020","Oak Harbor, WA","36020"," "
"98277","OAK HARBOR","Island WA","36020","Oak Harbor, WA","36020"," "
"98279","OLGA","San Juan WA",NA," ",NA," "
"98280","ORCAS","San Juan WA",NA," ",NA," "
"98281","POINT ROBERTS","Whatcom WA","13380","Bellingham, WA","13380"," "
"98283","ROCKPORT","Skagit WA","34580","Mount Vernon-Anacortes, WA","34580"," "
"98283","ROCKPORT","Whatcom WA","13380","Bellingham, WA","13380"," "
"98284","SEDRO WOOLLEY","Skagit WA","34580","Mount Vernon-Anacortes, WA","34580"," "
"98284","SEDRO WOOLLEY","Skagit WA","34580","Mount Vernon-Anacortes, WA","34580"," "
"98284","SEDRO WOOLLEY","Skagit WA","34580","Mount Vernon-Anacortes, WA","34580"," "
"98284","SEDRO WOOLLEY","Skagit WA","34580","Mount Vernon-Anacortes, WA","34580"," "
"98284","SEDRO WOOLLEY","Skagit WA","34580","Mount Vernon-Anacortes, WA","34580"," "
"98284","SEDRO WOOLLEY","Skagit WA","34580","Mount Vernon-Anacortes, WA","34580"," "
"98284","SEDRO WOOLLEY","Skagit WA","34580","Mount Vernon-Anacortes, WA","34580"," "
"98284","SEDRO WOOLLEY","Skagit WA","34580","Mount Vernon-Anacortes, WA","34580"," "
"98284","SEDRO WOOLLEY","Whatcom WA","13380","Bellingham, WA","13380"," "
"98284","SEDRO WOOLLEY","Whatcom WA","13380","Bellingham, WA","13380"," "
"98286","SHAW ISLAND","San Juan WA",NA," ",NA," "
"98288","SKYKOMISH","King WA","42660","Seattle-Tacoma-Bellevue, WA","42644","Seattle-Bellevue-Everett, WA"
"98290","SNOHOMISH","Snohomish WA","42660","Seattle-Tacoma-Bellevue, WA","42644","Seattle-Bellevue-Everett, WA"
"98290","SNOHOMISH","Snohomish WA","42660","Seattle-Tacoma-Bellevue, WA","42644","Seattle-Bellevue-Everett, WA"
"98290","SNOHOMISH","Snohomish WA","42660","Seattle-Tacoma-Bellevue, WA","42644","Seattle-Bellevue-Everett, WA"
"98290","SNOHOMISH","Snohomish WA","42660","Seattle-Tacoma-Bellevue, WA","42644","Seattle-Bellevue-Everett, WA"
"98292","STANWOOD","Island WA","36020","Oak Harbor, WA","36020"," "
"98292","STANWOOD","Skagit WA","34580","Mount Vernon-Anacortes, WA","34580"," "
"98292","STANWOOD","Snohomish WA","42660","Seattle-Tacoma-Bellevue, WA","42644","Seattle-Bellevue-Everett, WA"
"98292","STANWOOD","Snohomish WA","42660","Seattle-Tacoma-Bellevue, WA","42644","Seattle-Bellevue-Everett, WA"
"98294","SULTAN","Snohomish WA","42660","Seattle-Tacoma-Bellevue, WA","42644","Seattle-Bellevue-Everett, WA"
"98295","SUMAS","Whatcom WA","13380","Bellingham, WA","13380"," "
"98295","SUMAS","Whatcom WA","13380","Bellingham, WA","13380"," "
"98296","98296","Snohomish WA","42660","Seattle-Tacoma-Bellevue, WA","42644","Seattle-Bellevue-Everett, WA"
"98296","98296","Snohomish WA","42660","Seattle-Tacoma-Bellevue, WA","42644","Seattle-Bellevue-Everett, WA"
"98296","98296","Snohomish WA","42660","Seattle-Tacoma-Bellevue, WA","42644","Seattle-Bellevue-Everett, WA"
"98296","98296","Snohomish WA","42660","Seattle-Tacoma-Bellevue, WA","42644","Seattle-Bellevue-Everett, WA"
"98297","WALDRON","San Juan WA",NA," ",NA," "
"982XX","982XX","King WA","42660","Seattle-Tacoma-Bellevue, WA","42644","Seattle-Bellevue-Everett, WA"
"982XX","982XX","Snohomish WA","42660","Seattle-Tacoma-Bellevue, WA","42644","Seattle-Bellevue-Everett, WA"
"982XX","982XX","Snohomish WA","42660","Seattle-Tacoma-Bellevue, WA","42644","Seattle-Bellevue-Everett, WA"
"982XX","982XX","Whatcom WA","13380","Bellingham, WA","13380"," "
"98303","ANDERSON ISLAND","Pierce WA","42660","Seattle-Tacoma-Bellevue, WA","45104","Tacoma-Lakewood, WA"
"98304","ASHFORD","Lewis WA","16500","Centralia, WA","16500"," "
"98304","ASHFORD","Pierce WA","42660","Seattle-Tacoma-Bellevue, WA","45104","Tacoma-Lakewood, WA"
"98305","BEAVER","Clallam WA","38820","Port Angeles, WA","38820"," "
"98310","BREMERTON","Kitsap WA","14740","Bremerton-Silverdale, WA","14740"," "
"98311","BREMERTON","Kitsap WA","14740","Bremerton-Silverdale, WA","14740"," "
"98311","BREMERTON","Kitsap WA","14740","Bremerton-Silverdale, WA","14740"," "
"98312","BREMERTON","Kitsap WA","14740","Bremerton-Silverdale, WA","14740"," "
"98312","BREMERTON","Kitsap WA","14740","Bremerton-Silverdale, WA","14740"," "
"98312","BREMERTON","Mason WA","43220","Shelton, WA","43220"," "
"98312","BREMERTON","Mason WA","43220","Shelton, WA","43220"," "
"98315","SILVERDALE","Kitsap WA","14740","Bremerton-Silverdale, WA","14740"," "
"98320","BRINNON","Jefferson WA",NA," ",NA," "
"98321","BUCKLEY","Pierce WA","42660","Seattle-Tacoma-Bellevue, WA","45104","Tacoma-Lakewood, WA"
"98321","BUCKLEY","Pierce WA","42660","Seattle-Tacoma-Bellevue, WA","45104","Tacoma-Lakewood, WA"
"98323","CARBONADO","Pierce WA","42660","Seattle-Tacoma-Bellevue, WA","45104","Tacoma-Lakewood, WA"
"98323","CARBONADO","Pierce WA","42660","Seattle-Tacoma-Bellevue, WA","45104","Tacoma-Lakewood, WA"
"98325","CHIMACUM","Jefferson WA",NA," ",NA," "
"98325","CHIMACUM","Jefferson WA",NA," ",NA," "
"98326","CLALLAM BAY","Clallam WA","38820","Port Angeles, WA","38820"," "
"98327","DU PONT","Pierce WA","42660","Seattle-Tacoma-Bellevue, WA","45104","Tacoma-Lakewood, WA"
"98328","EATONVILLE","Pierce WA","42660","Seattle-Tacoma-Bellevue, WA","45104","Tacoma-Lakewood, WA"
"98328","EATONVILLE","Pierce WA","42660","Seattle-Tacoma-Bellevue, WA","45104","Tacoma-Lakewood, WA"
"98328","EATONVILLE","Pierce WA","42660","Seattle-Tacoma-Bellevue, WA","45104","Tacoma-Lakewood, WA"
"98329","GIG HARBOR","Pierce WA","42660","Seattle-Tacoma-Bellevue, WA","45104","Tacoma-Lakewood, WA"
"98329","GIG HARBOR","Pierce WA","42660","Seattle-Tacoma-Bellevue, WA","45104","Tacoma-Lakewood, WA"
"98330","ELBE","Pierce WA","42660","Seattle-Tacoma-Bellevue, WA","45104","Tacoma-Lakewood, WA"
"98331","FORKS","Clallam WA","38820","Port Angeles, WA","38820"," "
"98331","FORKS","Jefferson WA",NA," ",NA," "
"98332","GIG HARBOR","Pierce WA","42660","Seattle-Tacoma-Bellevue, WA","45104","Tacoma-Lakewood, WA"
"98333","FOX ISLAND","Pierce WA","42660","Seattle-Tacoma-Bellevue, WA","45104","Tacoma-Lakewood, WA"
"98335","GIG HARBOR","Pierce WA","42660","Seattle-Tacoma-Bellevue, WA","45104","Tacoma-Lakewood, WA"
"98336","GLENOMA","Lewis WA","16500","Centralia, WA","16500"," "
"98336","GLENOMA","Lewis WA","16500","Centralia, WA","16500"," "
"98337","GORST","Kitsap WA","14740","Bremerton-Silverdale, WA","14740"," "
"98338","GRAHAM","Pierce WA","42660","Seattle-Tacoma-Bellevue, WA","45104","Tacoma-Lakewood, WA"
"98338","GRAHAM","Pierce WA","42660","Seattle-Tacoma-Bellevue, WA","45104","Tacoma-Lakewood, WA"
"98338","GRAHAM","Pierce WA","42660","Seattle-Tacoma-Bellevue, WA","45104","Tacoma-Lakewood, WA"
"98338","GRAHAM","Pierce WA","42660","Seattle-Tacoma-Bellevue, WA","45104","Tacoma-Lakewood, WA"
"98339","PORT HADLOCK","Jefferson WA",NA," ",NA," "
"98339","PORT HADLOCK","Jefferson WA",NA," ",NA," "
"98340","HANSVILLE","Kitsap WA","14740","Bremerton-Silverdale, WA","14740"," "
"98342","INDIANOLA","Kitsap WA","14740","Bremerton-Silverdale, WA","14740"," "
"98345","KEYPORT","Kitsap WA","14740","Bremerton-Silverdale, WA","14740"," "
"98346","KINGSTON","Kitsap WA","14740","Bremerton-Silverdale, WA","14740"," "
"98346","KINGSTON","Kitsap WA","14740","Bremerton-Silverdale, WA","14740"," "
"98349","HOME","Pierce WA","42660","Seattle-Tacoma-Bellevue, WA","45104","Tacoma-Lakewood, WA"
"98350","LA PUSH","Clallam WA","38820","Port Angeles, WA","38820"," "
"98351","LONGBRANCH","Pierce WA","42660","Seattle-Tacoma-Bellevue, WA","45104","Tacoma-Lakewood, WA"
"98353","MANCHESTER","Kitsap WA","14740","Bremerton-Silverdale, WA","14740"," "
"98354","MILTON","King WA","42660","Seattle-Tacoma-Bellevue, WA","42644","Seattle-Bellevue-Everett, WA"
"98354","MILTON","Pierce WA","42660","Seattle-Tacoma-Bellevue, WA","45104","Tacoma-Lakewood, WA"
"98355","MINERAL","Lewis WA","16500","Centralia, WA","16500"," "
"98356","MORTON","Lewis WA","16500","Centralia, WA","16500"," "
"98356","MORTON","Lewis WA","16500","Centralia, WA","16500"," "
"98356","MORTON","Lewis WA","16500","Centralia, WA","16500"," "
"98357","NEAH BAY","Clallam WA","38820","Port Angeles, WA","38820"," "
"98358","NORDLAND","Jefferson WA",NA," ",NA," "
"98359","OLALLA","Kitsap WA","14740","Bremerton-Silverdale, WA","14740"," "
"98360","ORTING","Pierce WA","42660","Seattle-Tacoma-Bellevue, WA","45104","Tacoma-Lakewood, WA"
"98360","ORTING","Pierce WA","42660","Seattle-Tacoma-Bellevue, WA","45104","Tacoma-Lakewood, WA"
"98360","ORTING","Pierce WA","42660","Seattle-Tacoma-Bellevue, WA","45104","Tacoma-Lakewood, WA"
"98360","ORTING","Pierce WA","42660","Seattle-Tacoma-Bellevue, WA","45104","Tacoma-Lakewood, WA"
"98361","PACKWOOD","Lewis WA","16500","Centralia, WA","16500"," "
"98362","PORT ANGELES","Clallam WA","38820","Port Angeles, WA","38820"," "
"98362","PORT ANGELES","Clallam WA","38820","Port Angeles, WA","38820"," "
"98363","98363","Clallam WA","38820","Port Angeles, WA","38820"," "
"98363","98363","Clallam WA","38820","Port Angeles, WA","38820"," "
"98363","98363","Clallam WA","38820","Port Angeles, WA","38820"," "
"98363","98363","Clallam WA","38820","Port Angeles, WA","38820"," "
"98364","PORT GAMBLE","Kitsap WA","14740","Bremerton-Silverdale, WA","14740"," "
"98365","PORT LUDLOW","Jefferson WA",NA," ",NA," "
"98366","SOUTH PARK VILLA","Kitsap WA","14740","Bremerton-Silverdale, WA","14740"," "
"98367","98367","Kitsap WA","14740","Bremerton-Silverdale, WA","14740"," "
"98368","PORT TOWNSEND","Jefferson WA",NA," ",NA," "
"98368","PORT TOWNSEND","Jefferson WA",NA," ",NA," "
"98370","POULSBO","Kitsap WA","14740","Bremerton-Silverdale, WA","14740"," "
"98370","POULSBO","Kitsap WA","14740","Bremerton-Silverdale, WA","14740"," "
"98370","POULSBO","Kitsap WA","14740","Bremerton-Silverdale, WA","14740"," "
"98371","PUYALLUP","Pierce WA","42660","Seattle-Tacoma-Bellevue, WA","45104","Tacoma-Lakewood, WA"
"98371","PUYALLUP","Pierce WA","42660","Seattle-Tacoma-Bellevue, WA","45104","Tacoma-Lakewood, WA"
"98372","PUYALLUP","Pierce WA","42660","Seattle-Tacoma-Bellevue, WA","45104","Tacoma-Lakewood, WA"
"98373","PUYALLUP","Pierce WA","42660","Seattle-Tacoma-Bellevue, WA","45104","Tacoma-Lakewood, WA"
"98373","PUYALLUP","Pierce WA","42660","Seattle-Tacoma-Bellevue, WA","45104","Tacoma-Lakewood, WA"
"98374","PUYALLUP","Pierce WA","42660","Seattle-Tacoma-Bellevue, WA","45104","Tacoma-Lakewood, WA"
"98374","PUYALLUP","Pierce WA","42660","Seattle-Tacoma-Bellevue, WA","45104","Tacoma-Lakewood, WA"
"98375","98375","Pierce WA","42660","Seattle-Tacoma-Bellevue, WA","45104","Tacoma-Lakewood, WA"
"98375","98375","Pierce WA","42660","Seattle-Tacoma-Bellevue, WA","45104","Tacoma-Lakewood, WA"
"98376","QUILCENE","Jefferson WA",NA," ",NA," "
"98376","QUILCENE","Jefferson WA",NA," ",NA," "
"98376","QUILCENE","Jefferson WA",NA," ",NA," "
"98377","RANDLE","Lewis WA","16500","Centralia, WA","16500"," "
"98377","RANDLE","Lewis WA","16500","Centralia, WA","16500"," "
"98380","SEABECK","Kitsap WA","14740","Bremerton-Silverdale, WA","14740"," "
"98380","SEABECK","Mason WA","43220","Shelton, WA","43220"," "
"98381","SEKIU","Clallam WA","38820","Port Angeles, WA","38820"," "
"98382","SEQUIM","Clallam WA","38820","Port Angeles, WA","38820"," "
"98382","SEQUIM","Clallam WA","38820","Port Angeles, WA","38820"," "
"98382","SEQUIM","Jefferson WA",NA," ",NA," "
"98383","SILVERDALE","Kitsap WA","14740","Bremerton-Silverdale, WA","14740"," "
"98383","SILVERDALE","Kitsap WA","14740","Bremerton-Silverdale, WA","14740"," "
"98385","SOUTH PRAIRIE","Pierce WA","42660","Seattle-Tacoma-Bellevue, WA","45104","Tacoma-Lakewood, WA"
"98387","SPANAWAY","Pierce WA","42660","Seattle-Tacoma-Bellevue, WA","45104","Tacoma-Lakewood, WA"
"98387","SPANAWAY","Pierce WA","42660","Seattle-Tacoma-Bellevue, WA","45104","Tacoma-Lakewood, WA"
"98387","SPANAWAY","Pierce WA","42660","Seattle-Tacoma-Bellevue, WA","45104","Tacoma-Lakewood, WA"
"98387","SPANAWAY","Pierce WA","42660","Seattle-Tacoma-Bellevue, WA","45104","Tacoma-Lakewood, WA"
"98388","STEILACOOM","Pierce WA","42660","Seattle-Tacoma-Bellevue, WA","45104","Tacoma-Lakewood, WA"
"98390","BONNEY LAKE","Pierce WA","42660","Seattle-Tacoma-Bellevue, WA","45104","Tacoma-Lakewood, WA"
"98390","BONNEY LAKE","Pierce WA","42660","Seattle-Tacoma-Bellevue, WA","45104","Tacoma-Lakewood, WA"
"98392","SUQUAMISH","Kitsap WA","14740","Bremerton-Silverdale, WA","14740"," "
"98394","VAUGHN","Pierce WA","42660","Seattle-Tacoma-Bellevue, WA","45104","Tacoma-Lakewood, WA"
"98396","WILKESON","Pierce WA","42660","Seattle-Tacoma-Bellevue, WA","45104","Tacoma-Lakewood, WA"
"98396","WILKESON","Pierce WA","42660","Seattle-Tacoma-Bellevue, WA","45104","Tacoma-Lakewood, WA"
"983XX","983XX","Clallam WA","38820","Port Angeles, WA","38820"," "
"983XX","983XX","Clallam WA","38820","Port Angeles, WA","38820"," "
"983XX","983XX","Jefferson WA",NA," ",NA," "
"983XX","983XX","Jefferson WA",NA," ",NA," "
"983XX","983XX","Pierce WA","42660","Seattle-Tacoma-Bellevue, WA","45104","Tacoma-Lakewood, WA"
"98402","TACOMA","Pierce WA","42660","Seattle-Tacoma-Bellevue, WA","45104","Tacoma-Lakewood, WA"
"98403","TACOMA","Pierce WA","42660","Seattle-Tacoma-Bellevue, WA","45104","Tacoma-Lakewood, WA"
"98404","TACOMA","Pierce WA","42660","Seattle-Tacoma-Bellevue, WA","45104","Tacoma-Lakewood, WA"
"98405","TACOMA","Pierce WA","42660","Seattle-Tacoma-Bellevue, WA","45104","Tacoma-Lakewood, WA"
"98406","TACOMA","Pierce WA","42660","Seattle-Tacoma-Bellevue, WA","45104","Tacoma-Lakewood, WA"
"98407","TACOMA","Pierce WA","42660","Seattle-Tacoma-Bellevue, WA","45104","Tacoma-Lakewood, WA"
"98408","TACOMA","Pierce WA","42660","Seattle-Tacoma-Bellevue, WA","45104","Tacoma-Lakewood, WA"
"98409","TACOMA","Pierce WA","42660","Seattle-Tacoma-Bellevue, WA","45104","Tacoma-Lakewood, WA"
"98421","TACOMA","Pierce WA","42660","Seattle-Tacoma-Bellevue, WA","45104","Tacoma-Lakewood, WA"
"98422","TACOMA","Pierce WA","42660","Seattle-Tacoma-Bellevue, WA","45104","Tacoma-Lakewood, WA"
"98424","FIFE","Pierce WA","42660","Seattle-Tacoma-Bellevue, WA","45104","Tacoma-Lakewood, WA"
"98433","FORT LEWIS","Pierce WA","42660","Seattle-Tacoma-Bellevue, WA","45104","Tacoma-Lakewood, WA"
"98439","LAKEWOOD CENTER","Pierce WA","42660","Seattle-Tacoma-Bellevue, WA","45104","Tacoma-Lakewood, WA"
"98439","LAKEWOOD CENTER","Pierce WA","42660","Seattle-Tacoma-Bellevue, WA","45104","Tacoma-Lakewood, WA"
"98443","TACOMA","Pierce WA","42660","Seattle-Tacoma-Bellevue, WA","45104","Tacoma-Lakewood, WA"
"98444","PARKLAND","Pierce WA","42660","Seattle-Tacoma-Bellevue, WA","45104","Tacoma-Lakewood, WA"
"98445","PARKLAND","Pierce WA","42660","Seattle-Tacoma-Bellevue, WA","45104","Tacoma-Lakewood, WA"
"98446","PARKLAND","Pierce WA","42660","Seattle-Tacoma-Bellevue, WA","45104","Tacoma-Lakewood, WA"
"98446","PARKLAND","Pierce WA","42660","Seattle-Tacoma-Bellevue, WA","45104","Tacoma-Lakewood, WA"
"98465","TACOMA","Pierce WA","42660","Seattle-Tacoma-Bellevue, WA","45104","Tacoma-Lakewood, WA"
"98466","FIRCREST","Pierce WA","42660","Seattle-Tacoma-Bellevue, WA","45104","Tacoma-Lakewood, WA"
"98467","TACOMA","Pierce WA","42660","Seattle-Tacoma-Bellevue, WA","45104","Tacoma-Lakewood, WA"
"98498","LAKEWOOD CENTER","Pierce WA","42660","Seattle-Tacoma-Bellevue, WA","45104","Tacoma-Lakewood, WA"
"98499","LAKEWOOD CENTER","Pierce WA","42660","Seattle-Tacoma-Bellevue, WA","45104","Tacoma-Lakewood, WA"
"98501","OLYMPIA","Thurston WA","36500","Olympia-Tumwater, WA","36500"," "
"98501","OLYMPIA","Thurston WA","36500","Olympia-Tumwater, WA","36500"," "
"98501","OLYMPIA","Thurston WA","36500","Olympia-Tumwater, WA","36500"," "
"98502","OLYMPIA","Mason WA","43220","Shelton, WA","43220"," "
"98502","OLYMPIA","Thurston WA","36500","Olympia-Tumwater, WA","36500"," "
"98502","OLYMPIA","Thurston WA","36500","Olympia-Tumwater, WA","36500"," "
"98503","LACEY","Thurston WA","36500","Olympia-Tumwater, WA","36500"," "
"98503","LACEY","Thurston WA","36500","Olympia-Tumwater, WA","36500"," "
"98506","LACEY","Thurston WA","36500","Olympia-Tumwater, WA","36500"," "
"98512","OLYMPIA","Thurston WA","36500","Olympia-Tumwater, WA","36500"," "
"98512","OLYMPIA","Thurston WA","36500","Olympia-Tumwater, WA","36500"," "
"98512","OLYMPIA","Thurston WA","36500","Olympia-Tumwater, WA","36500"," "
"98513","LACEY","Thurston WA","36500","Olympia-Tumwater, WA","36500"," "
"98513","LACEY","Thurston WA","36500","Olympia-Tumwater, WA","36500"," "
"98513","LACEY","Thurston WA","36500","Olympia-Tumwater, WA","36500"," "
"98516","LACEY","Thurston WA","36500","Olympia-Tumwater, WA","36500"," "
"98516","LACEY","Thurston WA","36500","Olympia-Tumwater, WA","36500"," "
"98520","ABERDEEN","Grays Harbor WA","10140","Aberdeen, WA","10140"," "
"98520","ABERDEEN","Grays Harbor WA","10140","Aberdeen, WA","10140"," "
"98520","ABERDEEN","Grays Harbor WA","10140","Aberdeen, WA","10140"," "
"98520","ABERDEEN","Grays Harbor WA","10140","Aberdeen, WA","10140"," "
"98524","ALLYN","Mason WA","43220","Shelton, WA","43220"," "
"98526","AMANDA PARK","Grays Harbor WA","10140","Aberdeen, WA","10140"," "
"98526","AMANDA PARK","Grays Harbor WA","10140","Aberdeen, WA","10140"," "
"98527","BAY CENTER","Pacific WA",NA," ",NA," "
"98528","BEAR CREEK","Mason WA","43220","Shelton, WA","43220"," "
"98528","BEAR CREEK","Mason WA","43220","Shelton, WA","43220"," "
"98528","BEAR CREEK","Mason WA","43220","Shelton, WA","43220"," "
"98530","BUCODA","Thurston WA","36500","Olympia-Tumwater, WA","36500"," "
"98531","CENTRALIA","Lewis WA","16500","Centralia, WA","16500"," "
"98531","CENTRALIA","Lewis WA","16500","Centralia, WA","16500"," "
"98531","CENTRALIA","Lewis WA","16500","Centralia, WA","16500"," "
"98531","CENTRALIA","Thurston WA","36500","Olympia-Tumwater, WA","36500"," "
"98532","CHEHALIS","Lewis WA","16500","Centralia, WA","16500"," "
"98532","CHEHALIS","Lewis WA","16500","Centralia, WA","16500"," "
"98532","CHEHALIS","Lewis WA","16500","Centralia, WA","16500"," "
"98532","CHEHALIS","Lewis WA","16500","Centralia, WA","16500"," "
"98532","CHEHALIS","Lewis WA","16500","Centralia, WA","16500"," "
"98532","CHEHALIS","Lewis WA","16500","Centralia, WA","16500"," "
"98532","CHEHALIS","Lewis WA","16500","Centralia, WA","16500"," "
"98533","CINEBAR","Lewis WA","16500","Centralia, WA","16500"," "
"98535","COPALIS BEACH","Grays Harbor WA","10140","Aberdeen, WA","10140"," "
"98536","COPALIS CROSSING","Grays Harbor WA","10140","Aberdeen, WA","10140"," "
"98537","COSMOPOLIS","Grays Harbor WA","10140","Aberdeen, WA","10140"," "
"98537","COSMOPOLIS","Grays Harbor WA","10140","Aberdeen, WA","10140"," "
"98537","COSMOPOLIS","Grays Harbor WA","10140","Aberdeen, WA","10140"," "
"98537","COSMOPOLIS","Pacific WA",NA," ",NA," "
"98537","COSMOPOLIS","Pacific WA",NA," ",NA," "
"98538","CURTIS","Lewis WA","16500","Centralia, WA","16500"," "
"98538","CURTIS","Lewis WA","16500","Centralia, WA","16500"," "
"98539","DOTY","Lewis WA","16500","Centralia, WA","16500"," "
"98541","ELMA","Grays Harbor WA","10140","Aberdeen, WA","10140"," "
"98541","ELMA","Grays Harbor WA","10140","Aberdeen, WA","10140"," "
"98541","ELMA","Grays Harbor WA","10140","Aberdeen, WA","10140"," "
"98541","ELMA","Grays Harbor WA","10140","Aberdeen, WA","10140"," "
"98541","ELMA","Grays Harbor WA","10140","Aberdeen, WA","10140"," "
"98541","ELMA","Mason WA","43220","Shelton, WA","43220"," "
"98541","ELMA","Mason WA","43220","Shelton, WA","43220"," "
"98542","ETHEL","Lewis WA","16500","Centralia, WA","16500"," "
"98546","GRAPEVIEW","Mason WA","43220","Shelton, WA","43220"," "
"98546","GRAPEVIEW","Mason WA","43220","Shelton, WA","43220"," "
"98547","GRAYLAND","Grays Harbor WA","10140","Aberdeen, WA","10140"," "
"98547","GRAYLAND","Pacific WA",NA," ",NA," "
"98548","HOODSPORT","Mason WA","43220","Shelton, WA","43220"," "
"98550","HOQUIAM","Grays Harbor WA","10140","Aberdeen, WA","10140"," "
"98550","HOQUIAM","Grays Harbor WA","10140","Aberdeen, WA","10140"," "
"98550","HOQUIAM","Grays Harbor WA","10140","Aberdeen, WA","10140"," "
"98550","HOQUIAM","Grays Harbor WA","10140","Aberdeen, WA","10140"," "
"98552","HUMPTULIPS","Grays Harbor WA","10140","Aberdeen, WA","10140"," "
"98552","HUMPTULIPS","Grays Harbor WA","10140","Aberdeen, WA","10140"," "
"98552","HUMPTULIPS","Grays Harbor WA","10140","Aberdeen, WA","10140"," "
"98555","LILLIWAUP","Mason WA","43220","Shelton, WA","43220"," "
"98557","MC CLEARY","Grays Harbor WA","10140","Aberdeen, WA","10140"," "
"98559","MALONE","Grays Harbor WA","10140","Aberdeen, WA","10140"," "
"98560","MATLOCK","Mason WA","43220","Shelton, WA","43220"," "
"98562","MOCLIPS","Grays Harbor WA","10140","Aberdeen, WA","10140"," "
"98562","MOCLIPS","Grays Harbor WA","10140","Aberdeen, WA","10140"," "
"98563","MONTESANO","Grays Harbor WA","10140","Aberdeen, WA","10140"," "
"98563","MONTESANO","Grays Harbor WA","10140","Aberdeen, WA","10140"," "
"98563","MONTESANO","Grays Harbor WA","10140","Aberdeen, WA","10140"," "
"98563","MONTESANO","Grays Harbor WA","10140","Aberdeen, WA","10140"," "
"98563","MONTESANO","Grays Harbor WA","10140","Aberdeen, WA","10140"," "
"98564","MOSSYROCK","Lewis WA","16500","Centralia, WA","16500"," "
"98565","NAPAVINE","Lewis WA","16500","Centralia, WA","16500"," "
"98568","OAKVILLE","Grays Harbor WA","10140","Aberdeen, WA","10140"," "
"98568","OAKVILLE","Grays Harbor WA","10140","Aberdeen, WA","10140"," "
"98568","OAKVILLE","Lewis WA","16500","Centralia, WA","16500"," "
"98569","OCEAN CITY","Grays Harbor WA","10140","Aberdeen, WA","10140"," "
"98570","ONALASKA","Lewis WA","16500","Centralia, WA","16500"," "
"98570","ONALASKA","Lewis WA","16500","Centralia, WA","16500"," "
"98570","ONALASKA","Lewis WA","16500","Centralia, WA","16500"," "
"98571","PACIFIC BEACH","Grays Harbor WA","10140","Aberdeen, WA","10140"," "
"98572","PE ELL","Lewis WA","16500","Centralia, WA","16500"," "
"98575","QUINAULT","Grays Harbor WA","10140","Aberdeen, WA","10140"," "
"98576","RAINIER","Thurston WA","36500","Olympia-Tumwater, WA","36500"," "
"98576","RAINIER","Thurston WA","36500","Olympia-Tumwater, WA","36500"," "
"98577","RAYMOND","Pacific WA",NA," ",NA," "
"98577","RAYMOND","Pacific WA",NA," ",NA," "
"98579","ROCHESTER","Lewis WA","16500","Centralia, WA","16500"," "
"98579","ROCHESTER","Thurston WA","36500","Olympia-Tumwater, WA","36500"," "
"98580","ROY","Pierce WA","42660","Seattle-Tacoma-Bellevue, WA","45104","Tacoma-Lakewood, WA"
"98581","RYDERWOOD","Cowlitz WA","31020","Longview, WA","31020"," "
"98582","SALKUM","Lewis WA","16500","Centralia, WA","16500"," "
"98582","SALKUM","Lewis WA","16500","Centralia, WA","16500"," "
"98584","SHELTON","Mason WA","43220","Shelton, WA","43220"," "
"98584","SHELTON","Mason WA","43220","Shelton, WA","43220"," "
"98584","SHELTON","Mason WA","43220","Shelton, WA","43220"," "
"98584","SHELTON","Mason WA","43220","Shelton, WA","43220"," "
"98584","SHELTON","Mason WA","43220","Shelton, WA","43220"," "
"98585","SILVER CREEK","Lewis WA","16500","Centralia, WA","16500"," "
"98585","SILVER CREEK","Lewis WA","16500","Centralia, WA","16500"," "
"98585","SILVER CREEK","Lewis WA","16500","Centralia, WA","16500"," "
"98586","SOUTH BEND","Pacific WA",NA," ",NA," "
"98586","SOUTH BEND","Pacific WA",NA," ",NA," "
"98587","TAHOLAH","Grays Harbor WA","10140","Aberdeen, WA","10140"," "
"98588","TAHUYA","Mason WA","43220","Shelton, WA","43220"," "
"98589","TENINO","Thurston WA","36500","Olympia-Tumwater, WA","36500"," "
"98590","TOKELAND","Pacific WA",NA," ",NA," "
"98591","TOLEDO","Lewis WA","16500","Centralia, WA","16500"," "
"98591","TOLEDO","Lewis WA","16500","Centralia, WA","16500"," "
"98591","TOLEDO","Lewis WA","16500","Centralia, WA","16500"," "
"98591","TOLEDO","Lewis WA","16500","Centralia, WA","16500"," "
"98592","UNION","Mason WA","43220","Shelton, WA","43220"," "
"98593","VADER","Lewis WA","16500","Centralia, WA","16500"," "
"98595","WESTPORT","Grays Harbor WA","10140","Aberdeen, WA","10140"," "
"98596","WINLOCK","Lewis WA","16500","Centralia, WA","16500"," "
"98596","WINLOCK","Lewis WA","16500","Centralia, WA","16500"," "
"98596","WINLOCK","Lewis WA","16500","Centralia, WA","16500"," "
"98596","WINLOCK","Lewis WA","16500","Centralia, WA","16500"," "
"98597","YELM","Thurston WA","36500","Olympia-Tumwater, WA","36500"," "
"98597","YELM","Thurston WA","36500","Olympia-Tumwater, WA","36500"," "
"985XX","985XX","Grays Harbor WA","10140","Aberdeen, WA","10140"," "
"985XX","985XX","Grays Harbor WA","10140","Aberdeen, WA","10140"," "
"985XX","985XX","Mason WA","43220","Shelton, WA","43220"," "
"985XX","985XX","Pacific WA",NA," ",NA," "
"98601","AMBOY","Clark WA","38900","Portland-Vancouver-Hillsboro, OR-WA","38900"," "
"98601","AMBOY","Clark WA","38900","Portland-Vancouver-Hillsboro, OR-WA","38900"," "
"98601","AMBOY","Cowlitz WA","31020","Longview, WA","31020"," "
"98602","APPLETON","Klickitat WA",NA," ",NA," "
"98602","APPLETON","Klickitat WA",NA," ",NA," "
"98603","ARIEL","Cowlitz WA","31020","Longview, WA","31020"," "
"98604","BATTLE GROUND","Clark WA","38900","Portland-Vancouver-Hillsboro, OR-WA","38900"," "
"98604","BATTLE GROUND","Clark WA","38900","Portland-Vancouver-Hillsboro, OR-WA","38900"," "
"98604","BATTLE GROUND","Clark WA","38900","Portland-Vancouver-Hillsboro, OR-WA","38900"," "
"98605","COOK","Klickitat WA",NA," ",NA," "
"98605","COOK","Skamania WA","38900","Portland-Vancouver-Hillsboro, OR-WA","38900"," "
"98606","BRUSH PRAIRIE","Clark WA","38900","Portland-Vancouver-Hillsboro, OR-WA","38900"," "
"98606","BRUSH PRAIRIE","Clark WA","38900","Portland-Vancouver-Hillsboro, OR-WA","38900"," "
"98607","CAMAS","Clark WA","38900","Portland-Vancouver-Hillsboro, OR-WA","38900"," "
"98607","CAMAS","Clark WA","38900","Portland-Vancouver-Hillsboro, OR-WA","38900"," "
"98610","CARSON","Skamania WA","38900","Portland-Vancouver-Hillsboro, OR-WA","38900"," "
"98610","CARSON","Skamania WA","38900","Portland-Vancouver-Hillsboro, OR-WA","38900"," "
"98611","CASTLE ROCK","Cowlitz WA","31020","Longview, WA","31020"," "
"98611","CASTLE ROCK","Cowlitz WA","31020","Longview, WA","31020"," "
"98611","CASTLE ROCK","Cowlitz WA","31020","Longview, WA","31020"," "
"98612","CATHLAMET","Wahkiakum WA",NA," ",NA," "
"98612","CATHLAMET","Wahkiakum WA",NA," ",NA," "
"98612","CATHLAMET","Wahkiakum WA",NA," ",NA," "
"98613","CENTERVILLE","Klickitat WA",NA," ",NA," "
"98613","CENTERVILLE","Klickitat WA",NA," ",NA," "
"98614","CHINOOK","Pacific WA",NA," ",NA," "
"98616","COUGAR","Cowlitz WA","31020","Longview, WA","31020"," "
"98617","DALLESPORT","Klickitat WA",NA," ",NA," "
"98619","GLENWOOD","Klickitat WA",NA," ",NA," "
"98620","GOLDENDALE","Klickitat WA",NA," ",NA," "
"98620","GOLDENDALE","Klickitat WA",NA," ",NA," "
"98620","GOLDENDALE","Klickitat WA",NA," ",NA," "
"98620","GOLDENDALE","Klickitat WA",NA," ",NA," "
"98621","GRAYS RIVER","Wahkiakum WA",NA," ",NA," "
"98624","ILWACO","Pacific WA",NA," ",NA," "
"98624","ILWACO","Pacific WA",NA," ",NA," "
"98625","KALAMA","Cowlitz WA","31020","Longview, WA","31020"," "
"98625","KALAMA","Cowlitz WA","31020","Longview, WA","31020"," "
"98625","KALAMA","Cowlitz WA","31020","Longview, WA","31020"," "
"98626","KELSO","Cowlitz WA","31020","Longview, WA","31020"," "
"98626","KELSO","Cowlitz WA","31020","Longview, WA","31020"," "
"98626","KELSO","Cowlitz WA","31020","Longview, WA","31020"," "
"98626","KELSO","Cowlitz WA","31020","Longview, WA","31020"," "
"98628","KLICKITAT","Klickitat WA",NA," ",NA," "
"98628","KLICKITAT","Klickitat WA",NA," ",NA," "
"98629","LA CENTER","Clark WA","38900","Portland-Vancouver-Hillsboro, OR-WA","38900"," "
"98631","LONG BEACH","Pacific WA",NA," ",NA," "
"98632","LONGVIEW","Cowlitz WA","31020","Longview, WA","31020"," "
"98632","LONGVIEW","Cowlitz WA","31020","Longview, WA","31020"," "
"98635","LYLE","Klickitat WA",NA," ",NA," "
"98638","NASELLE","Pacific WA",NA," ",NA," "
"98638","NASELLE","Wahkiakum WA",NA," ",NA," "
"98639","NORTH BONNEVILLE","Skamania WA","38900","Portland-Vancouver-Hillsboro, OR-WA","38900"," "
"98640","OCEAN PARK","Pacific WA",NA," ",NA," "
"98641","OYSTERVILLE","Pacific WA",NA," ",NA," "
"98642","RIDGEFIELD","Clark WA","38900","Portland-Vancouver-Hillsboro, OR-WA","38900"," "
"98642","RIDGEFIELD","Clark WA","38900","Portland-Vancouver-Hillsboro, OR-WA","38900"," "
"98642","RIDGEFIELD","Clark WA","38900","Portland-Vancouver-Hillsboro, OR-WA","38900"," "
"98643","ROSBURG","Wahkiakum WA",NA," ",NA," "
"98644","SEAVIEW","Pacific WA",NA," ",NA," "
"98645","SILVERLAKE","Cowlitz WA","31020","Longview, WA","31020"," "
"98645","SILVERLAKE","Cowlitz WA","31020","Longview, WA","31020"," "
"98647","SKAMOKAWA","Wahkiakum WA",NA," ",NA," "
"98647","SKAMOKAWA","Wahkiakum WA",NA," ",NA," "
"98648","STEVENSON","Skamania WA","38900","Portland-Vancouver-Hillsboro, OR-WA","38900"," "
"98648","STEVENSON","Skamania WA","38900","Portland-Vancouver-Hillsboro, OR-WA","38900"," "
"98648","STEVENSON","Skamania WA","38900","Portland-Vancouver-Hillsboro, OR-WA","38900"," "
"98649","TOUTLE","Cowlitz WA","31020","Longview, WA","31020"," "
"98650","TROUT LAKE","Klickitat WA",NA," ",NA," "
"98651","UNDERWOOD","Skamania WA","38900","Portland-Vancouver-Hillsboro, OR-WA","38900"," "
"98660","VANCOUVER","Clark WA","38900","Portland-Vancouver-Hillsboro, OR-WA","38900"," "
"98661","VANCOUVER","Clark WA","38900","Portland-Vancouver-Hillsboro, OR-WA","38900"," "
"98661","VANCOUVER","Clark WA","38900","Portland-Vancouver-Hillsboro, OR-WA","38900"," "
"98662","ORCHARDS","Clark WA","38900","Portland-Vancouver-Hillsboro, OR-WA","38900"," "
"98662","ORCHARDS","Clark WA","38900","Portland-Vancouver-Hillsboro, OR-WA","38900"," "
"98662","ORCHARDS","Clark WA","38900","Portland-Vancouver-Hillsboro, OR-WA","38900"," "
"98663","VANCOUVER","Clark WA","38900","Portland-Vancouver-Hillsboro, OR-WA","38900"," "
"98664","VANCOUVER","Clark WA","38900","Portland-Vancouver-Hillsboro, OR-WA","38900"," "
"98665","HAZEL DELL","Clark WA","38900","Portland-Vancouver-Hillsboro, OR-WA","38900"," "
"98670","WAHKIACUS","Klickitat WA",NA," ",NA," "
"98671","WASHOUGAL","Clark WA","38900","Portland-Vancouver-Hillsboro, OR-WA","38900"," "
"98671","WASHOUGAL","Skamania WA","38900","Portland-Vancouver-Hillsboro, OR-WA","38900"," "
"98672","WHITE SALMON","Klickitat WA",NA," ",NA," "
"98672","WHITE SALMON","Klickitat WA",NA," ",NA," "
"98673","WISHRAM","Klickitat WA",NA," ",NA," "
"98674","WOODLAND","Clark WA","38900","Portland-Vancouver-Hillsboro, OR-WA","38900"," "
"98674","WOODLAND","Clark WA","38900","Portland-Vancouver-Hillsboro, OR-WA","38900"," "
"98674","WOODLAND","Cowlitz WA","31020","Longview, WA","31020"," "
"98675","YACOLT","Clark WA","38900","Portland-Vancouver-Hillsboro, OR-WA","38900"," "
"98675","YACOLT","Clark WA","38900","Portland-Vancouver-Hillsboro, OR-WA","38900"," "
"98682","VANCOUVER","Clark WA","38900","Portland-Vancouver-Hillsboro, OR-WA","38900"," "
"98682","VANCOUVER","Clark WA","38900","Portland-Vancouver-Hillsboro, OR-WA","38900"," "
"98682","VANCOUVER","Clark WA","38900","Portland-Vancouver-Hillsboro, OR-WA","38900"," "
"98683","98683","Clark WA","38900","Portland-Vancouver-Hillsboro, OR-WA","38900"," "
"98684","CASCADE PARK","Clark WA","38900","Portland-Vancouver-Hillsboro, OR-WA","38900"," "
"98684","CASCADE PARK","Clark WA","38900","Portland-Vancouver-Hillsboro, OR-WA","38900"," "
"98685","FELIDA","Clark WA","38900","Portland-Vancouver-Hillsboro, OR-WA","38900"," "
"98686","VANCOUVER","Clark WA","38900","Portland-Vancouver-Hillsboro, OR-WA","38900"," "
"98686","VANCOUVER","Clark WA","38900","Portland-Vancouver-Hillsboro, OR-WA","38900"," "
"986XX","986XX","Cowlitz WA","31020","Longview, WA","31020"," "
"986XX","986XX","Cowlitz WA","31020","Longview, WA","31020"," "
"986XX","986XX","Klickitat WA",NA," ",NA," "
"986XX","986XX","Pacific WA",NA," ",NA," "
"986XX","986XX","Skamania WA","38900","Portland-Vancouver-Hillsboro, OR-WA","38900"," "
"98801","WENATCHEE","Chelan WA","48300","Wenatchee, WA","48300"," "
"98801","WENATCHEE","Chelan WA","48300","Wenatchee, WA","48300"," "
"98801","WENATCHEE","Chelan WA","48300","Wenatchee, WA","48300"," "
"98802","EAST WENATCHEE","Douglas WA","48300","Wenatchee, WA","48300"," "
"98802","EAST WENATCHEE","Douglas WA","48300","Wenatchee, WA","48300"," "
"98802","EAST WENATCHEE","Douglas WA","48300","Wenatchee, WA","48300"," "
"98811","ARDENVOIR","Chelan WA","48300","Wenatchee, WA","48300"," "
"98812","BREWSTER","Douglas WA","48300","Wenatchee, WA","48300"," "
"98812","BREWSTER","Okanogan WA",NA," ",NA," "
"98812","BREWSTER","Okanogan WA",NA," ",NA," "
"98813","BRIDGEPORT","Douglas WA","48300","Wenatchee, WA","48300"," "
"98814","CARLTON","Okanogan WA",NA," ",NA," "
"98815","CASHMERE","Chelan WA","48300","Wenatchee, WA","48300"," "
"98815","CASHMERE","Chelan WA","48300","Wenatchee, WA","48300"," "
"98816","CHELAN","Chelan WA","48300","Wenatchee, WA","48300"," "
"98816","CHELAN","Chelan WA","48300","Wenatchee, WA","48300"," "
"98816","CHELAN","Chelan WA","48300","Wenatchee, WA","48300"," "
"98816","CHELAN","Chelan WA","48300","Wenatchee, WA","48300"," "
"98817","CHELAN FALLS","Chelan WA","48300","Wenatchee, WA","48300"," "
"98819","CONCONULLY","Okanogan WA",NA," ",NA," "
"98821","DRYDEN","Chelan WA","48300","Wenatchee, WA","48300"," "
"98822","ENTIAT","Chelan WA","48300","Wenatchee, WA","48300"," "
"98822","ENTIAT","Chelan WA","48300","Wenatchee, WA","48300"," "
"98823","EPHRATA","Grant WA","34180","Moses Lake, WA","34180"," "
"98823","EPHRATA","Grant WA","34180","Moses Lake, WA","34180"," "
"98826","LEAVENWORTH","Chelan WA","48300","Wenatchee, WA","48300"," "
"98826","LEAVENWORTH","Chelan WA","48300","Wenatchee, WA","48300"," "
"98827","LOOMIS","Okanogan WA",NA," ",NA," "
"98827","LOOMIS","Okanogan WA",NA," ",NA," "
"98828","MALAGA","Chelan WA","48300","Wenatchee, WA","48300"," "
"98829","MALOTT","Okanogan WA",NA," ",NA," "
"98829","MALOTT","Okanogan WA",NA," ",NA," "
"98829","MALOTT","Okanogan WA",NA," ",NA," "
"98830","MANSFIELD","Douglas WA","48300","Wenatchee, WA","48300"," "
"98831","MANSON","Chelan WA","48300","Wenatchee, WA","48300"," "
"98832","MARLIN","Grant WA","34180","Moses Lake, WA","34180"," "
"98833","MAZAMA","Okanogan WA",NA," ",NA," "
"98834","METHOW","Okanogan WA",NA," ",NA," "
"98834","METHOW","Okanogan WA",NA," ",NA," "
"98836","MONITOR","Chelan WA","48300","Wenatchee, WA","48300"," "
"98837","MOSES LAKE","Grant WA","34180","Moses Lake, WA","34180"," "
"98837","MOSES LAKE","Grant WA","34180","Moses Lake, WA","34180"," "
"98837","MOSES LAKE","Grant WA","34180","Moses Lake, WA","34180"," "
"98837","MOSES LAKE","Grant WA","34180","Moses Lake, WA","34180"," "
"98837","MOSES LAKE","Grant WA","34180","Moses Lake, WA","34180"," "
"98837","MOSES LAKE","Grant WA","34180","Moses Lake, WA","34180"," "
"98840","OKANOGAN","Okanogan WA",NA," ",NA," "
"98840","OKANOGAN","Okanogan WA",NA," ",NA," "
"98840","OKANOGAN","Okanogan WA",NA," ",NA," "
"98841","OMAK","Okanogan WA",NA," ",NA," "
"98841","OMAK","Okanogan WA",NA," ",NA," "
"98841","OMAK","Okanogan WA",NA," ",NA," "
"98843","ORONDO","Douglas WA","48300","Wenatchee, WA","48300"," "
"98844","OROVILLE","Okanogan WA",NA," ",NA," "
"98845","PALISADES","Douglas WA","48300","Wenatchee, WA","48300"," "
"98846","PATEROS","Okanogan WA",NA," ",NA," "
"98846","PATEROS","Okanogan WA",NA," ",NA," "
"98847","PESHASTIN","Chelan WA","48300","Wenatchee, WA","48300"," "
"98848","QUINCY","Douglas WA","48300","Wenatchee, WA","48300"," "
"98848","QUINCY","Douglas WA","48300","Wenatchee, WA","48300"," "
"98848","QUINCY","Grant WA","34180","Moses Lake, WA","34180"," "
"98848","QUINCY","Grant WA","34180","Moses Lake, WA","34180"," "
"98848","QUINCY","Grant WA","34180","Moses Lake, WA","34180"," "
"98848","QUINCY","Grant WA","34180","Moses Lake, WA","34180"," "
"98849","RIVERSIDE","Okanogan WA",NA," ",NA," "
"98849","RIVERSIDE","Okanogan WA",NA," ",NA," "
"98849","RIVERSIDE","Okanogan WA",NA," ",NA," "
"98850","ROCK ISLAND","Douglas WA","48300","Wenatchee, WA","48300"," "
"98850","ROCK ISLAND","Douglas WA","48300","Wenatchee, WA","48300"," "
"98851","SOAP LAKE","Grant WA","34180","Moses Lake, WA","34180"," "
"98851","SOAP LAKE","Grant WA","34180","Moses Lake, WA","34180"," "
"98851","SOAP LAKE","Grant WA","34180","Moses Lake, WA","34180"," "
"98851","SOAP LAKE","Grant WA","34180","Moses Lake, WA","34180"," "
"98852","STEHEKIN","Chelan WA","48300","Wenatchee, WA","48300"," "
"98853","STRATFORD","Grant WA","34180","Moses Lake, WA","34180"," "
"98855","TONASKET","Okanogan WA",NA," ",NA," "
"98855","TONASKET","Okanogan WA",NA," ",NA," "
"98855","TONASKET","Okanogan WA",NA," ",NA," "
"98856","TWISP","Okanogan WA",NA," ",NA," "
"98857","WARDEN","Grant WA","34180","Moses Lake, WA","34180"," "
"98857","WARDEN","Grant WA","34180","Moses Lake, WA","34180"," "
"98858","WATERVILLE","Douglas WA","48300","Wenatchee, WA","48300"," "
"98858","WATERVILLE","Douglas WA","48300","Wenatchee, WA","48300"," "
"98859","WAUCONDA","Okanogan WA",NA," ",NA," "
"98860","WILSON CREEK","Grant WA","34180","Moses Lake, WA","34180"," "
"98860","WILSON CREEK","Grant WA","34180","Moses Lake, WA","34180"," "
"98862","WINTHROP","Okanogan WA",NA," ",NA," "
"98862","WINTHROP","Okanogan WA",NA," ",NA," "
"988XX","988XX","Chelan WA","48300","Wenatchee, WA","48300"," "
"988XX","988XX","Chelan WA","48300","Wenatchee, WA","48300"," "
"988XX","988XX","Chelan WA","48300","Wenatchee, WA","48300"," "
"988XX","988XX","Douglas WA","48300","Wenatchee, WA","48300"," "
"988XX","988XX","Douglas WA","48300","Wenatchee, WA","48300"," "
"988XX","988XX","Okanogan WA",NA," ",NA," "
"988XX","988XX","Okanogan WA",NA," ",NA," "
"988XX","988XX","Okanogan WA",NA," ",NA," "
"988XX","988XX","Okanogan WA",NA," ",NA," "
"98901","TERRACE HEIGHTS","Kittitas WA","21260","Ellensburg, WA","21260"," "
"98901","TERRACE HEIGHTS","Yakima WA","49420","Yakima, WA","49420"," "
"98901","TERRACE HEIGHTS","Yakima WA","49420","Yakima, WA","49420"," "
"98902","YAKIMA","Yakima WA","49420","Yakima, WA","49420"," "
"98903","UNION GAP","Yakima WA","49420","Yakima, WA","49420"," "
"98903","UNION GAP","Yakima WA","49420","Yakima, WA","49420"," "
"98903","UNION GAP","Yakima WA","49420","Yakima, WA","49420"," "
"98908","WIDE HOLLOW","Yakima WA","49420","Yakima, WA","49420"," "
"98908","WIDE HOLLOW","Yakima WA","49420","Yakima, WA","49420"," "
"98922","CLE ELUM","Kittitas WA","21260","Ellensburg, WA","21260"," "
"98922","CLE ELUM","Kittitas WA","21260","Ellensburg, WA","21260"," "
"98922","CLE ELUM","Kittitas WA","21260","Ellensburg, WA","21260"," "
"98923","COWICHE","Yakima WA","49420","Yakima, WA","49420"," "
"98923","COWICHE","Yakima WA","49420","Yakima, WA","49420"," "
"98925","EASTON","Kittitas WA","21260","Ellensburg, WA","21260"," "
"98925","EASTON","Kittitas WA","21260","Ellensburg, WA","21260"," "
"98926","ELLENSBURG","Kittitas WA","21260","Ellensburg, WA","21260"," "
"98926","ELLENSBURG","Kittitas WA","21260","Ellensburg, WA","21260"," "
"98926","ELLENSBURG","Kittitas WA","21260","Ellensburg, WA","21260"," "
"98926","ELLENSBURG","Kittitas WA","21260","Ellensburg, WA","21260"," "
"98930","GRANDVIEW","Benton WA","28420","Kennewick-Richland, WA","28420"," "
"98930","GRANDVIEW","Yakima WA","49420","Yakima, WA","49420"," "
"98932","GRANGER","Yakima WA","49420","Yakima, WA","49420"," "
"98932","GRANGER","Yakima WA","49420","Yakima, WA","49420"," "
"98933","HARRAH","Yakima WA","49420","Yakima, WA","49420"," "
"98933","HARRAH","Yakima WA","49420","Yakima, WA","49420"," "
"98934","KITTITAS","Kittitas WA","21260","Ellensburg, WA","21260"," "
"98935","MABTON","Yakima WA","49420","Yakima, WA","49420"," "
"98935","MABTON","Yakima WA","49420","Yakima, WA","49420"," "
"98935","MABTON","Yakima WA","49420","Yakima, WA","49420"," "
"98936","MOXEE","Yakima WA","49420","Yakima, WA","49420"," "
"98936","MOXEE","Yakima WA","49420","Yakima, WA","49420"," "
"98937","WHITE PASS","Yakima WA","49420","Yakima, WA","49420"," "
"98937","WHITE PASS","Yakima WA","49420","Yakima, WA","49420"," "
"98938","OUTLOOK","Yakima WA","49420","Yakima, WA","49420"," "
"98940","RONALD","Kittitas WA","21260","Ellensburg, WA","21260"," "
"98941","ROSLYN","Kittitas WA","21260","Ellensburg, WA","21260"," "
"98942","SELAH","Yakima WA","49420","Yakima, WA","49420"," "
"98942","SELAH","Yakima WA","49420","Yakima, WA","49420"," "
"98943","SOUTH CLE ELUM","Kittitas WA","21260","Ellensburg, WA","21260"," "
"98944","SUNNYSIDE","Benton WA","28420","Kennewick-Richland, WA","28420"," "
"98944","SUNNYSIDE","Yakima WA","49420","Yakima, WA","49420"," "
"98944","SUNNYSIDE","Yakima WA","49420","Yakima, WA","49420"," "
"98946","THORP","Kittitas WA","21260","Ellensburg, WA","21260"," "
"98946","THORP","Kittitas WA","21260","Ellensburg, WA","21260"," "
"98947","TIETON","Yakima WA","49420","Yakima, WA","49420"," "
"98948","TOPPENISH","Yakima WA","49420","Yakima, WA","49420"," "
"98948","TOPPENISH","Yakima WA","49420","Yakima, WA","49420"," "
"98950","VANTAGE","Kittitas WA","21260","Ellensburg, WA","21260"," "
"98951","WAPATO","Yakima WA","49420","Yakima, WA","49420"," "
"98951","WAPATO","Yakima WA","49420","Yakima, WA","49420"," "
"98951","WAPATO","Yakima WA","49420","Yakima, WA","49420"," "
"98951","WAPATO","Yakima WA","49420","Yakima, WA","49420"," "
"98952","WHITE SWAN","Yakima WA","49420","Yakima, WA","49420"," "
"98952","WHITE SWAN","Yakima WA","49420","Yakima, WA","49420"," "
"98953","ZILLAH","Yakima WA","49420","Yakima, WA","49420"," "
"989XX","989XX","Kittitas WA","21260","Ellensburg, WA","21260"," "
"989XX","989XX","Kittitas WA","21260","Ellensburg, WA","21260"," "
"989XX","989XX","Kittitas WA","21260","Ellensburg, WA","21260"," "
"989XX","989XX","Yakima WA","49420","Yakima, WA","49420"," "
"989XX","989XX","Yakima WA","49420","Yakima, WA","49420"," "
"989XX","989XX","Yakima WA","49420","Yakima, WA","49420"," "
"989XX","989XX","Yakima WA","49420","Yakima, WA","49420"," "
"99001","AIRWAY HEIGHTS","Spokane WA","44060","Spokane-Spokane Valley, WA","44060"," "
"99003","CHATTAROY","Spokane WA","44060","Spokane-Spokane Valley, WA","44060"," "
"99003","CHATTAROY","Spokane WA","44060","Spokane-Spokane Valley, WA","44060"," "
"99004","CHENEY","Spokane WA","44060","Spokane-Spokane Valley, WA","44060"," "
"99004","CHENEY","Spokane WA","44060","Spokane-Spokane Valley, WA","44060"," "
"99004","CHENEY","Spokane WA","44060","Spokane-Spokane Valley, WA","44060"," "
"99004","CHENEY","Spokane WA","44060","Spokane-Spokane Valley, WA","44060"," "
"99004","CHENEY","Spokane WA","44060","Spokane-Spokane Valley, WA","44060"," "
"99005","COLBERT","Spokane WA","44060","Spokane-Spokane Valley, WA","44060"," "
"99005","COLBERT","Spokane WA","44060","Spokane-Spokane Valley, WA","44060"," "
"99006","DEER PARK","Pend Oreille WA",NA," ",NA," "
"99006","DEER PARK","Spokane WA","44060","Spokane-Spokane Valley, WA","44060"," "
"99006","DEER PARK","Stevens WA",NA," ",NA," "
"99006","DEER PARK","Stevens WA",NA," ",NA," "
"99008","EDWALL","Lincoln WA",NA," ",NA," "
"99008","EDWALL","Lincoln WA",NA," ",NA," "
"99008","EDWALL","Spokane WA","44060","Spokane-Spokane Valley, WA","44060"," "
"99009","ELK","Pend Oreille WA",NA," ",NA," "
"99009","ELK","Spokane WA","44060","Spokane-Spokane Valley, WA","44060"," "
"99009","ELK","Spokane WA","44060","Spokane-Spokane Valley, WA","44060"," "
"99009","ELK","Spokane WA","44060","Spokane-Spokane Valley, WA","44060"," "
"99011","FAIRCHILD AIR FO","Spokane WA","44060","Spokane-Spokane Valley, WA","44060"," "
"99011","FAIRCHILD AIR FO","Spokane WA","44060","Spokane-Spokane Valley, WA","44060"," "
"99012","FAIRFIELD","Spokane WA","44060","Spokane-Spokane Valley, WA","44060"," "
"99013","FORD","Lincoln WA",NA," ",NA," "
"99013","FORD","Spokane WA","44060","Spokane-Spokane Valley, WA","44060"," "
"99013","FORD","Stevens WA",NA," ",NA," "
"99013","FORD","Stevens WA",NA," ",NA," "
"99016","GREENACRES","Spokane WA","44060","Spokane-Spokane Valley, WA","44060"," "
"99016","GREENACRES","Spokane WA","44060","Spokane-Spokane Valley, WA","44060"," "
"99016","GREENACRES","Spokane WA","44060","Spokane-Spokane Valley, WA","44060"," "
"99017","LAMONT","Whitman WA","39420","Pullman, WA","39420"," "
"99018","LATAH","Spokane WA","44060","Spokane-Spokane Valley, WA","44060"," "
"99019","LIBERTY LAKE","Spokane WA","44060","Spokane-Spokane Valley, WA","44060"," "
"99020","MARSHALL","Spokane WA","44060","Spokane-Spokane Valley, WA","44060"," "
"99021","MEAD","Spokane WA","44060","Spokane-Spokane Valley, WA","44060"," "
"99021","MEAD","Spokane WA","44060","Spokane-Spokane Valley, WA","44060"," "
"99021","MEAD","Spokane WA","44060","Spokane-Spokane Valley, WA","44060"," "
"99021","MEAD","Spokane WA","44060","Spokane-Spokane Valley, WA","44060"," "
"99022","ESPANOLA","Spokane WA","44060","Spokane-Spokane Valley, WA","44060"," "
"99022","ESPANOLA","Spokane WA","44060","Spokane-Spokane Valley, WA","44060"," "
"99023","MICA","Spokane WA","44060","Spokane-Spokane Valley, WA","44060"," "
"99023","MICA","Spokane WA","44060","Spokane-Spokane Valley, WA","44060"," "
"99025","NEWMAN LAKE","Spokane WA","44060","Spokane-Spokane Valley, WA","44060"," "
"99025","NEWMAN LAKE","Spokane WA","44060","Spokane-Spokane Valley, WA","44060"," "
"99026","NINE MILE FALLS","Spokane WA","44060","Spokane-Spokane Valley, WA","44060"," "
"99026","NINE MILE FALLS","Spokane WA","44060","Spokane-Spokane Valley, WA","44060"," "
"99026","NINE MILE FALLS","Spokane WA","44060","Spokane-Spokane Valley, WA","44060"," "
"99026","NINE MILE FALLS","Stevens WA",NA," ",NA," "
"99027","OTIS ORCHARDS","Spokane WA","44060","Spokane-Spokane Valley, WA","44060"," "
"99027","OTIS ORCHARDS","Spokane WA","44060","Spokane-Spokane Valley, WA","44060"," "
"99027","OTIS ORCHARDS","Spokane WA","44060","Spokane-Spokane Valley, WA","44060"," "
"99029","REARDAN","Lincoln WA",NA," ",NA," "
"99029","REARDAN","Lincoln WA",NA," ",NA," "
"99029","REARDAN","Spokane WA","44060","Spokane-Spokane Valley, WA","44060"," "
"99030","ROCKFORD","Spokane WA","44060","Spokane-Spokane Valley, WA","44060"," "
"99030","ROCKFORD","Spokane WA","44060","Spokane-Spokane Valley, WA","44060"," "
"99031","SPANGLE","Spokane WA","44060","Spokane-Spokane Valley, WA","44060"," "
"99031","SPANGLE","Spokane WA","44060","Spokane-Spokane Valley, WA","44060"," "
"99032","SPRAGUE","Adams WA",NA," ",NA," "
"99032","SPRAGUE","Lincoln WA",NA," ",NA," "
"99033","TEKOA","Whitman WA","39420","Pullman, WA","39420"," "
"99034","TUMTUM","Stevens WA",NA," ",NA," "
"99036","VALLEYFORD","Spokane WA","44060","Spokane-Spokane Valley, WA","44060"," "
"99036","VALLEYFORD","Spokane WA","44060","Spokane-Spokane Valley, WA","44060"," "
"99036","VALLEYFORD","Spokane WA","44060","Spokane-Spokane Valley, WA","44060"," "
"99037","VERADALE","Spokane WA","44060","Spokane-Spokane Valley, WA","44060"," "
"99040","WELLPINIT","Stevens WA",NA," ",NA," "
"990XX","990XX","Lincoln WA",NA," ",NA," "
"99101","ADDY","Stevens WA",NA," ",NA," "
"99101","ADDY","Stevens WA",NA," ",NA," "
"99101","ADDY","Stevens WA",NA," ",NA," "
"99102","ALBION","Whitman WA","39420","Pullman, WA","39420"," "
"99103","ALMIRA","Grant WA","34180","Moses Lake, WA","34180"," "
"99103","ALMIRA","Lincoln WA",NA," ",NA," "
"99105","BENGE","Adams WA",NA," ",NA," "
"99109","CHEWELAH","Stevens WA",NA," ",NA," "
"99109","CHEWELAH","Stevens WA",NA," ",NA," "
"99110","CLAYTON","Spokane WA","44060","Spokane-Spokane Valley, WA","44060"," "
"99110","CLAYTON","Stevens WA",NA," ",NA," "
"99110","CLAYTON","Stevens WA",NA," ",NA," "
"99111","COLFAX","Whitman WA","39420","Pullman, WA","39420"," "
"99111","COLFAX","Whitman WA","39420","Pullman, WA","39420"," "
"99111","COLFAX","Whitman WA","39420","Pullman, WA","39420"," "
"99111","COLFAX","Whitman WA","39420","Pullman, WA","39420"," "
"99111","COLFAX","Whitman WA","39420","Pullman, WA","39420"," "
"99111","COLFAX","Whitman WA","39420","Pullman, WA","39420"," "
"99113","COLTON","Whitman WA","39420","Pullman, WA","39420"," "
"99113","COLTON","Whitman WA","39420","Pullman, WA","39420"," "
"99114","COLVILLE","Stevens WA",NA," ",NA," "
"99114","COLVILLE","Stevens WA",NA," ",NA," "
"99114","COLVILLE","Stevens WA",NA," ",NA," "
"99114","COLVILLE","Stevens WA",NA," ",NA," "
"99115","COULEE CITY","Douglas WA","48300","Wenatchee, WA","48300"," "
"99115","COULEE CITY","Douglas WA","48300","Wenatchee, WA","48300"," "
"99115","COULEE CITY","Grant WA","34180","Moses Lake, WA","34180"," "
"99116","COULEE DAM","Douglas WA","48300","Wenatchee, WA","48300"," "
"99116","COULEE DAM","Grant WA","34180","Moses Lake, WA","34180"," "
"99116","COULEE DAM","Okanogan WA",NA," ",NA," "
"99117","CRESTON","Lincoln WA",NA," ",NA," "
"99117","CRESTON","Lincoln WA",NA," ",NA," "
"99118","CURLEW","Ferry WA",NA," ",NA," "
"99118","CURLEW","Ferry WA",NA," ",NA," "
"99119","CUSICK","Pend Oreille WA",NA," ",NA," "
"99119","CUSICK","Pend Oreille WA",NA," ",NA," "
"99121","DANVILLE","Ferry WA",NA," ",NA," "
"99122","DAVENPORT","Lincoln WA",NA," ",NA," "
"99122","DAVENPORT","Lincoln WA",NA," ",NA," "
"99122","DAVENPORT","Lincoln WA",NA," ",NA," "
"99123","ELECTRIC CITY","Grant WA","34180","Moses Lake, WA","34180"," "
"99123","ELECTRIC CITY","Grant WA","34180","Moses Lake, WA","34180"," "
"99124","ELMER CITY","Okanogan WA",NA," ",NA," "
"99125","ENDICOTT","Whitman WA","39420","Pullman, WA","39420"," "
"99125","ENDICOTT","Whitman WA","39420","Pullman, WA","39420"," "
"99125","ENDICOTT","Whitman WA","39420","Pullman, WA","39420"," "
"99126","EVANS","Stevens WA",NA," ",NA," "
"99126","EVANS","Stevens WA",NA," ",NA," "
"99128","FARMINGTON","Whitman WA","39420","Pullman, WA","39420"," "
"99128","FARMINGTON","Whitman WA","39420","Pullman, WA","39420"," "
"99129","FRUITLAND","Stevens WA",NA," ",NA," "
"99129","FRUITLAND","Stevens WA",NA," ",NA," "
"99130","GARFIELD","Whitman WA","39420","Pullman, WA","39420"," "
"99130","GARFIELD","Whitman WA","39420","Pullman, WA","39420"," "
"99131","GIFFORD","Stevens WA",NA," ",NA," "
"99133","GRAND COULEE","Douglas WA","48300","Wenatchee, WA","48300"," "
"99133","GRAND COULEE","Grant WA","34180","Moses Lake, WA","34180"," "
"99133","GRAND COULEE","Lincoln WA",NA," ",NA," "
"99134","HARRINGTON","Lincoln WA",NA," ",NA," "
"99135","HARTLINE","Grant WA","34180","Moses Lake, WA","34180"," "
"99136","HAY","Whitman WA","39420","Pullman, WA","39420"," "
"99137","HUNTERS","Stevens WA",NA," ",NA," "
"99138","INCHELIUM","Ferry WA",NA," ",NA," "
"99139","IONE","Pend Oreille WA",NA," ",NA," "
"99140","KELLER","Ferry WA",NA," ",NA," "
"99141","KETTLE FALLS","Ferry WA",NA," ",NA," "
"99141","KETTLE FALLS","Stevens WA",NA," ",NA," "
"99141","KETTLE FALLS","Stevens WA",NA," ",NA," "
"99143","LACROSSE","Whitman WA","39420","Pullman, WA","39420"," "
"99143","LACROSSE","Whitman WA","39420","Pullman, WA","39420"," "
"99146","LAURIER","Ferry WA",NA," ",NA," "
"99148","LOON LAKE","Stevens WA",NA," ",NA," "
"99148","LOON LAKE","Stevens WA",NA," ",NA," "
"99149","MALDEN","Whitman WA","39420","Pullman, WA","39420"," "
"99150","MALO","Ferry WA",NA," ",NA," "
"99150","MALO","Ferry WA",NA," ",NA," "
"99151","MARCUS","Stevens WA",NA," ",NA," "
"99152","METALINE","Pend Oreille WA",NA," ",NA," "
"99153","METALINE FALLS","Pend Oreille WA",NA," ",NA," "
"99154","MOHLER","Lincoln WA",NA," ",NA," "
"99155","NESPELEM","Okanogan WA",NA," ",NA," "
"99156","NEWPORT","Pend Oreille WA",NA," ",NA," "
"99156","NEWPORT","Spokane WA","44060","Spokane-Spokane Valley, WA","44060"," "
"99157","NORTHPORT","Stevens WA",NA," ",NA," "
"99158","OAKESDALE","Whitman WA","39420","Pullman, WA","39420"," "
"99158","OAKESDALE","Whitman WA","39420","Pullman, WA","39420"," "
"99159","ODESSA","Adams WA",NA," ",NA," "
"99159","ODESSA","Adams WA",NA," ",NA," "
"99159","ODESSA","Lincoln WA",NA," ",NA," "
"99159","ODESSA","Lincoln WA",NA," ",NA," "
"99160","ORIENT","Ferry WA",NA," ",NA," "
"99161","PALOUSE","Whitman WA","39420","Pullman, WA","39420"," "
"99161","PALOUSE","Whitman WA","39420","Pullman, WA","39420"," "
"99163","PULLMAN","Whitman WA","39420","Pullman, WA","39420"," "
"99163","PULLMAN","Whitman WA","39420","Pullman, WA","39420"," "
"99163","PULLMAN","Whitman WA","39420","Pullman, WA","39420"," "
"99163","PULLMAN","Whitman WA","39420","Pullman, WA","39420"," "
"99166","REPUBLIC","Ferry WA",NA," ",NA," "
"99166","REPUBLIC","Ferry WA",NA," ",NA," "
"99166","REPUBLIC","Ferry WA",NA," ",NA," "
"99166","REPUBLIC","Ferry WA",NA," ",NA," "
"99166","REPUBLIC","Okanogan WA",NA," ",NA," "
"99167","RICE","Stevens WA",NA," ",NA," "
"99167","RICE","Stevens WA",NA," ",NA," "
"99169","RITZVILLE","Adams WA",NA," ",NA," "
"99169","RITZVILLE","Adams WA",NA," ",NA," "
"99170","ROSALIA","Spokane WA","44060","Spokane-Spokane Valley, WA","44060"," "
"99170","ROSALIA","Spokane WA","44060","Spokane-Spokane Valley, WA","44060"," "
"99170","ROSALIA","Whitman WA","39420","Pullman, WA","39420"," "
"99171","SAINT JOHN","Whitman WA","39420","Pullman, WA","39420"," "
"99171","SAINT JOHN","Whitman WA","39420","Pullman, WA","39420"," "
"99173","SPRINGDALE","Stevens WA",NA," ",NA," "
"99173","SPRINGDALE","Stevens WA",NA," ",NA," "
"99173","SPRINGDALE","Stevens WA",NA," ",NA," "
"99176","THORNTON","Whitman WA","39420","Pullman, WA","39420"," "
"99176","THORNTON","Whitman WA","39420","Pullman, WA","39420"," "
"99176","THORNTON","Whitman WA","39420","Pullman, WA","39420"," "
"99179","UNIONTOWN","Whitman WA","39420","Pullman, WA","39420"," "
"99180","USK","Pend Oreille WA",NA," ",NA," "
"99181","VALLEY","Stevens WA",NA," ",NA," "
"99185","WILBUR","Lincoln WA",NA," ",NA," "
"991XX","991XX","Ferry WA",NA," ",NA," "
"991XX","991XX","Ferry WA",NA," ",NA," "
"991XX","991XX","Ferry WA",NA," ",NA," "
"991XX","991XX","Lincoln WA",NA," ",NA," "
"991XX","991XX","Lincoln WA",NA," ",NA," "
"991XX","991XX","Okanogan WA",NA," ",NA," "
"991XX","991XX","Pend Oreille WA",NA," ",NA," "
"991XX","991XX","Pend Oreille WA",NA," ",NA," "
"991XX","991XX","Stevens WA",NA," ",NA," "
"99201","SPOKANE","Spokane WA","44060","Spokane-Spokane Valley, WA","44060"," "
"99202","SPOKANE","Spokane WA","44060","Spokane-Spokane Valley, WA","44060"," "
"99203","SPOKANE","Spokane WA","44060","Spokane-Spokane Valley, WA","44060"," "
"99204","SPOKANE","Spokane WA","44060","Spokane-Spokane Valley, WA","44060"," "
"99205","SPOKANE","Spokane WA","44060","Spokane-Spokane Valley, WA","44060"," "
"99206","SPOKANE","Spokane WA","44060","Spokane-Spokane Valley, WA","44060"," "
"99206","SPOKANE","Spokane WA","44060","Spokane-Spokane Valley, WA","44060"," "
"99207","SPOKANE","Spokane WA","44060","Spokane-Spokane Valley, WA","44060"," "
"99208","SPOKANE","Spokane WA","44060","Spokane-Spokane Valley, WA","44060"," "
"99208","SPOKANE","Spokane WA","44060","Spokane-Spokane Valley, WA","44060"," "
"99212","SPOKANE","Spokane WA","44060","Spokane-Spokane Valley, WA","44060"," "
"99216","SPOKANE","Spokane WA","44060","Spokane-Spokane Valley, WA","44060"," "
"99216","SPOKANE","Spokane WA","44060","Spokane-Spokane Valley, WA","44060"," "
"99217","SPOKANE","Spokane WA","44060","Spokane-Spokane Valley, WA","44060"," "
"99217","SPOKANE","Spokane WA","44060","Spokane-Spokane Valley, WA","44060"," "
"99217","SPOKANE","Spokane WA","44060","Spokane-Spokane Valley, WA","44060"," "
"99218","SPOKANE","Spokane WA","44060","Spokane-Spokane Valley, WA","44060"," "
"99218","SPOKANE","Spokane WA","44060","Spokane-Spokane Valley, WA","44060"," "
"99223","SPOKANE","Spokane WA","44060","Spokane-Spokane Valley, WA","44060"," "
"99223","SPOKANE","Spokane WA","44060","Spokane-Spokane Valley, WA","44060"," "
"99223","SPOKANE","Spokane WA","44060","Spokane-Spokane Valley, WA","44060"," "
"99224","SPOKANE","Spokane WA","44060","Spokane-Spokane Valley, WA","44060"," "
"99224","SPOKANE","Spokane WA","44060","Spokane-Spokane Valley, WA","44060"," "
"99224","SPOKANE","Spokane WA","44060","Spokane-Spokane Valley, WA","44060"," "
"99224","SPOKANE","Spokane WA","44060","Spokane-Spokane Valley, WA","44060"," "
"99224","SPOKANE","Spokane WA","44060","Spokane-Spokane Valley, WA","44060"," "
"99301","PASCO","Franklin WA","28420","Kennewick-Richland, WA","28420"," "
"99301","PASCO","Franklin WA","28420","Kennewick-Richland, WA","28420"," "
"99301","PASCO","Franklin WA","28420","Kennewick-Richland, WA","28420"," "
"99301","PASCO","Franklin WA","28420","Kennewick-Richland, WA","28420"," "
"99320","BENTON CITY","Benton WA","28420","Kennewick-Richland, WA","28420"," "
"99320","BENTON CITY","Benton WA","28420","Kennewick-Richland, WA","28420"," "
"99320","BENTON CITY","Benton WA","28420","Kennewick-Richland, WA","28420"," "
"99320","BENTON CITY","Benton WA","28420","Kennewick-Richland, WA","28420"," "
"99321","BEVERLY","Grant WA","34180","Moses Lake, WA","34180"," "
"99322","BICKLETON","Klickitat WA",NA," ",NA," "
"99323","BURBANK","Walla Walla WA","47460","Walla Walla, WA","47460"," "
"99324","COLLEGE PLACE","Walla Walla WA","47460","Walla Walla, WA","47460"," "
"99326","CONNELL","Adams WA",NA," ",NA," "
"99326","CONNELL","Adams WA",NA," ",NA," "
"99326","CONNELL","Franklin WA","28420","Kennewick-Richland, WA","28420"," "
"99326","CONNELL","Franklin WA","28420","Kennewick-Richland, WA","28420"," "
"99328","DAYTON","Columbia WA",NA," ",NA," "
"99328","DAYTON","Columbia WA",NA," ",NA," "
"99329","DIXIE","Walla Walla WA","47460","Walla Walla, WA","47460"," "
"99330","ELTOPIA","Franklin WA","28420","Kennewick-Richland, WA","28420"," "
"99330","ELTOPIA","Franklin WA","28420","Kennewick-Richland, WA","28420"," "
"99330","ELTOPIA","Franklin WA","28420","Kennewick-Richland, WA","28420"," "
"99332","HATTON","Adams WA",NA," ",NA," "
"99335","KAHLOTUS","Franklin WA","28420","Kennewick-Richland, WA","28420"," "
"99336","KENNEWICK","Benton WA","28420","Kennewick-Richland, WA","28420"," "
"99337","KENNEWICK","Benton WA","28420","Kennewick-Richland, WA","28420"," "
"99337","KENNEWICK","Benton WA","28420","Kennewick-Richland, WA","28420"," "
"99338","99338","Benton WA","28420","Kennewick-Richland, WA","28420"," "
"99338","99338","Benton WA","28420","Kennewick-Richland, WA","28420"," "
"99341","LIND","Adams WA",NA," ",NA," "
"99343","MESA","Franklin WA","28420","Kennewick-Richland, WA","28420"," "
"99343","MESA","Franklin WA","28420","Kennewick-Richland, WA","28420"," "
"99344","MATTAWA","Adams WA",NA," ",NA," "
"99344","MATTAWA","Adams WA",NA," ",NA," "
"99344","MATTAWA","Franklin WA","28420","Kennewick-Richland, WA","28420"," "
"99344","MATTAWA","Grant WA","34180","Moses Lake, WA","34180"," "
"99345","PATERSON","Benton WA","28420","Kennewick-Richland, WA","28420"," "
"99346","PLYMOUTH","Benton WA","28420","Kennewick-Richland, WA","28420"," "
"99347","POMEROY","Columbia WA",NA," ",NA," "
"99347","POMEROY","Columbia WA",NA," ",NA," "
"99347","POMEROY","Garfield WA",NA," ",NA," "
"99347","POMEROY","Garfield WA",NA," ",NA," "
"99347","POMEROY","Whitman WA","39420","Pullman, WA","39420"," "
"99348","PRESCOTT","Walla Walla WA","47460","Walla Walla, WA","47460"," "
"99348","PRESCOTT","Walla Walla WA","47460","Walla Walla, WA","47460"," "
"99349","99349","Grant WA","34180","Moses Lake, WA","34180"," "
"99350","PROSSER","Benton WA","28420","Kennewick-Richland, WA","28420"," "
"99350","PROSSER","Benton WA","28420","Kennewick-Richland, WA","28420"," "
"99350","PROSSER","Benton WA","28420","Kennewick-Richland, WA","28420"," "
"99350","PROSSER","Benton WA","28420","Kennewick-Richland, WA","28420"," "
"99350","PROSSER","Klickitat WA",NA," ",NA," "
"99352","RICHLAND","Benton WA","28420","Kennewick-Richland, WA","28420"," "
"99353","99353","Benton WA","28420","Kennewick-Richland, WA","28420"," "
"99356","ROOSEVELT","Klickitat WA",NA," ",NA," "
"99357","ROYAL CITY","Grant WA","34180","Moses Lake, WA","34180"," "
"99357","ROYAL CITY","Grant WA","34180","Moses Lake, WA","34180"," "
"99359","STARBUCK","Columbia WA",NA," ",NA," "
"99360","LOWDEN","Walla Walla WA","47460","Walla Walla, WA","47460"," "
"99360","LOWDEN","Walla Walla WA","47460","Walla Walla, WA","47460"," "
"99360","LOWDEN","Walla Walla WA","47460","Walla Walla, WA","47460"," "
"99360","LOWDEN","Walla Walla WA","47460","Walla Walla, WA","47460"," "
"99361","WAITSBURG","Columbia WA",NA," ",NA," "
"99361","WAITSBURG","Columbia WA",NA," ",NA," "
"99361","WAITSBURG","Walla Walla WA","47460","Walla Walla, WA","47460"," "
"99361","WAITSBURG","Walla Walla WA","47460","Walla Walla, WA","47460"," "
"99362","WALLA WALLA","Walla Walla WA","47460","Walla Walla, WA","47460"," "
"99362","WALLA WALLA","Walla Walla WA","47460","Walla Walla, WA","47460"," "
"99362","WALLA WALLA","Walla Walla WA","47460","Walla Walla, WA","47460"," "
"99362","WALLA WALLA","Walla Walla WA","47460","Walla Walla, WA","47460"," "
"99363","WALLULA","Walla Walla WA","47460","Walla Walla, WA","47460"," "
"99371","WASHTUCNA","Adams WA",NA," ",NA," "
"993XX","993XX","Benton WA","28420","Kennewick-Richland, WA","28420"," "
"993XX","993XX","Benton WA","28420","Kennewick-Richland, WA","28420"," "
"993XX","993XX","Columbia WA",NA," ",NA," "
"993XX","993XX","Franklin WA","28420","Kennewick-Richland, WA","28420"," "
"993XX","993XX","Garfield WA",NA," ",NA," "
"993XX","993XX","Garfield WA",NA," ",NA," "
"99401","ANATONE","Asotin WA","30300","Lewiston, ID-WA","30300"," "
"99402","ASOTIN","Asotin WA","30300","Lewiston, ID-WA","30300"," "
"99402","ASOTIN","Asotin WA","30300","Lewiston, ID-WA","30300"," "
"99403","CLARKSTON","Asotin WA","30300","Lewiston, ID-WA","30300"," "
"99403","CLARKSTON","Asotin WA","30300","Lewiston, ID-WA","30300"," "
